"DateTime","BTC","ETH","USDT","BNB","SOL","Others"
"2013-05-05 03:00:00",1254762149.4585037,0,0,0,0,80617818.54149635
"2013-05-12 03:00:00",1288631442.1985626,0,0,0,0,74918509.80143735
"2013-05-19 03:00:00",1376371582.9864502,0,0,0,0,72448385.0135498
"2013-05-26 03:00:00",1478025338.3468628,0,0,0,0,70654597.65313727
"2013-06-02 03:00:00",1451925896.7685697,0,0,0,0,59084151.23143019
"2013-06-09 03:00:00",1215132962.064743,0,0,0,0,56547037.935257
"2013-06-16 03:00:00",1127123769.4660187,0,0,0,0,53126214.53398135
"2013-06-23 03:00:00",1224978150.4497528,0,0,0,0,63751833.55024716
"2013-06-30 03:00:00",1078255281.0598373,0,0,0,0,61514702.94016273
"2013-07-07 03:00:00",782351595.1761245,0,0,0,0,62558420.8238755
"2013-07-14 03:00:00",1126255795.1766968,0,0,0,0,63964236.82330319
"2013-07-21 03:00:00",1027641924.5498657,0,0,0,0,62368059.45013422
"2013-07-28 03:00:00",1082751497.501564,0,0,0,0,67108470.49843605
"2013-08-04 03:00:00",1207095508.649826,0,0,0,0,73944491.35017392
"2013-08-11 03:00:00",1188153836.9913101,0,0,0,0,100076179.00868988
"2013-08-18 03:00:00",1304320187.5,0,0,0,0,118079812.5
"2013-08-25 03:00:00",1387634726.846695,0,0,0,0,114395225.15330505
"2013-09-01 03:00:00",1572228888.3991241,0,0,0,0,113921127.60087582
"2013-09-08 03:00:00",1448178129.2066574,0,0,0,0,120611886.79334258
"2013-09-15 03:00:00",1514144913.5810852,0,0,0,0,119015022.41891474
"2013-09-22 03:00:00",1500263577.9748917,0,0,0,0,144496486.02510834
"2013-09-29 03:00:00",1587290660.6834412,0,0,0,0,187129307.31655878
"2013-10-06 03:00:00",1514538901.2016296,0,0,0,0,146111082.7983704
"2013-10-13 03:00:00",1599426159.3841553,0,0,0,0,134753808.61584473
"2013-10-20 03:00:00",2037436874.9656677,0,0,0,0,131273013.03433222
"2013-10-27 03:00:00",2102727707.672882,0,0,0,0,120962276.32711798
"2013-11-03 02:00:00",2459515515.8382416,0,0,0,0,141304452.16175845
"2013-11-10 02:00:00",4174930742.16156,0,0,0,0,219789513.83843994
"2013-11-17 02:00:00",5291729353.456879,0,0,0,0,201330742.54312164
"2013-11-24 02:00:00",9570991362.237549,0,0,0,0,450608893.7624512
"2013-12-01 02:00:00",13614267715.960693,0,0,0,0,1773432508.0393066
"2013-12-08 02:00:00",8431855057.728578,0,0,0,0,994564654.2714227
"2013-12-15 02:00:00",10611621813.113403,0,0,0,0,1357278282.886596
"2013-12-22 02:00:00",7315945127.667236,0,0,0,0,804295000.3327637
"2013-12-29 02:00:00",8872599591.235352,0,0,0,0,1227100120.7646477
"2014-01-05 02:00:00",10465659959.947205,0,0,0,0,1416439752.0527947
"2014-01-12 02:00:00",11264846810.934448,0,0,0,0,1338053669.0655518
"2014-01-19 02:00:00",10311486283.200073,0,0,0,0,1256914100.7999272
"2014-01-26 02:00:00",10510401359.825134,0,0,0,0,1246998704.1748662
"2014-02-02 02:00:00",10279152361.30371,0,0,0,0,1245648150.696289
"2014-02-09 02:00:00",8307336964.846801,0,0,0,0,974612731.1531988
"2014-02-16 02:00:00",8077341036.109925,0,0,0,0,1015438995.8900751
"2014-02-23 02:00:00",7539892425.518799,0,0,0,0,916707638.4812012
"2014-03-02 02:00:00",7069287981.335449,0,0,0,0,991821778.6645508
"2014-03-09 02:00:00",7697912170.256043,0,0,0,0,1139147413.743957
"2014-03-16 02:00:00",7968200287.5,0,0,0,0,1105910176.5
"2014-03-23 02:00:00",7099236203.976441,0,0,0,0,1062163604.023559
"2014-03-30 02:00:00",6193557126.830292,0,0,0,0,744693113.1697079
"2014-04-06 03:00:00",5843663675.262451,0,0,0,0,640366276.7375488
"2014-04-13 03:00:00",5326230585.36377,0,0,0,0,561879494.6362305
"2014-04-20 03:00:00",6356071183.252716,0,0,0,0,745688816.7472836
"2014-04-27 03:00:00",5805536630.79071,0,0,0,0,583553161.2092892
"2014-05-04 03:00:00",5580025865.306091,0,0,0,0,558154230.6939087
"2014-05-11 03:00:00",5789009426.834106,0,0,0,0,622880749.1658936
"2014-05-18 03:00:00",5735392705.266571,0,0,0,0,609047102.7334286
"2014-05-25 03:00:00",6729114876.782227,0,0,0,0,671134979.2177734
"2014-06-01 03:00:00",8007458710.009766,0,0,0,0,674471017.9902344
"2014-06-08 03:00:00",8428526959.350586,0,0,0,0,686222992.6494141
"2014-06-15 03:00:00",7427193645.999145,0,0,0,0,642986194.0008551
"2014-06-22 03:00:00",7703559805.123901,0,0,0,0,642110338.8760986
"2014-06-29 03:00:00",7728192402.621459,0,0,0,0,606027373.3785408
"2014-07-06 03:00:00",8203530646.496582,0,0,0,0,536109673.50341797
"2014-07-13 03:00:00",8252247431.781007,0,0,0,0,575112824.2189935
"2014-07-20 03:00:00",8196201372.714233,0,0,0,0,588388451.2857666
"2014-07-27 03:00:00",7782822949.409484,0,0,0,0,549807066.5905159
"2014-08-03 03:00:00",7710426679.402162,0,0,0,0,554303432.5978388
"2014-08-10 03:00:00",7730001925.061035,0,0,0,0,507678202.93896484
"2014-08-17 03:00:00",6826523803.161621,0,0,0,0,398626148.8383789
"2014-08-24 03:00:00",6567295886.834717,0,0,0,0,424594033.1652835
"2014-08-31 03:00:00",6642636070.6466675,0,0,0,0,557374169.3533325
"2014-09-07 03:00:00",6421462127.856445,0,0,0,0,567777680.1435547
"2014-09-14 03:00:00",6355135250.736237,0,0,0,0,610424557.2637631
"2014-09-21 03:00:00",5425181057.693481,0,0,0,0,567438974.3065186
"2014-09-28 03:00:00",5321416704.521179,0,0,0,0,580563455.4788208
"2014-10-05 03:00:00",4389880123.188782,0,0,0,0,528329924.81121826
"2014-10-12 03:00:00",4849070088.398743,0,0,0,0,532579831.6012573
"2014-10-19 03:00:00",5242374417.86499,0,0,0,0,550685422.1350098
"2014-10-26 03:00:00",4665035342.662811,0,0,0,0,492344753.3371891
"2014-11-02 02:00:00",4386504161.978912,0,0,0,0,453445662.02108794
"2014-11-09 02:00:00",4655480675.436401,0,0,0,0,490489500.56359863
"2014-11-16 02:00:00",5060641297.8515625,0,0,0,0,504748526.1484375
"2014-11-23 02:00:00",4778445706.707764,0,0,0,0,568484469.2922363
"2014-11-30 02:00:00",5090058612.542725,0,0,0,0,805691531.4572754
"2014-12-07 02:00:00",5090242007.318115,0,0,0,0,827328040.6818848
"2014-12-14 02:00:00",4717276441.31012,0,0,0,0,885113574.6898801
"2014-12-21 02:00:00",4491321812.354279,0,0,0,0,1230188075.645722
"2014-12-28 02:00:00",4317327930.801392,0,0,0,0,1205942213.1986082
"2015-01-04 02:00:00",3847139734.9975586,0,0,0,0,1022340201.0024414
"2015-01-11 02:00:00",3764964780.313111,0,0,0,0,910455379.6868892
"2015-01-18 02:00:00",2747723029.4311523,0,0,0,0,741546986.5688475
"2015-01-25 02:00:00",3403308907.939911,0,0,0,0,812101012.0600893
"2015-02-01 02:00:00",2989456971.0113525,0,0,0,0,704113076.9886475
"2015-02-08 02:00:00",3144923027.5115967,0,0,0,0,717287020.4884032
"2015-02-15 02:00:00",3563295380.392456,0,0,0,0,750334827.607544
"2015-02-22 02:00:00",3390509039.991379,0,0,0,0,680290832.008621
"2015-03-01 02:00:00",3532057898.0522156,0,0,0,0,686712021.9477842
"2015-03-08 02:00:00",3846742946.7407227,0,251600,0,0,609055629.2592773
"2015-03-15 02:00:00",3923339798.5839844,0,251600,0,0,622378777.4160156
"2015-03-22 02:00:00",3629914535.0738525,0,251600,0,0,585183880.9261475
"2015-03-29 02:00:00",3536559217.424011,0,251600,0,0,540579262.5759885
"2015-04-05 03:00:00",3557453026.582718,0,251600,0,0,530905421.4172821
"2015-04-12 03:00:00",3321740501.712799,0,251600,0,0,486738010.2872009
"2015-04-19 03:00:00",3143459666.9929504,0,251600,0,0,467628765.00704974
"2015-04-26 03:00:00",3190796972.6119995,0,251600,0,0,478231427.3880005
"2015-05-03 03:00:00",3315974388.4773254,0,251600,0,0,466614075.52267444
"2015-05-10 03:00:00",3418729921.4042664,0,251600,0,0,453398382.5957336
"2015-05-17 03:00:00",3343946251.615906,0,251600,0,0,431612196.3840942
"2015-05-24 03:00:00",3391917865.0737762,0,451600,0,0,478250438.9262237
"2015-05-31 03:00:00",3314789801.017761,0,451600,0,0,540708678.982239
"2015-06-07 03:00:00",3213393226.0173798,0,451600,0,0,524075173.98262
"2015-06-14 03:00:00",3317074984.510803,0,451600,0,0,534793415.4891967
"2015-06-21 03:00:00",3503877684.199524,0,451600,0,0,707840699.8004761
"2015-06-28 03:00:00",3593902796.839905,0,451600,0,0,719435555.1600952
"2015-07-05 03:00:00",3741659654.0405273,0,451600,0,0,749318633.9594727
"2015-07-12 03:00:00",4213278129.1603084,0,451600,0,0,709820478.8396915
"2015-07-19 03:00:00",3956139971.617126,0,451600,0,0,657178668.3828739
"2015-07-26 03:00:00",4163471698.498535,0,451600,0,0,690646685.5014648
"2015-08-02 03:00:00",4052470132.836914,0,451600,0,0,668848251.1630859
"2015-08-09 03:00:00",3779770679.8141484,42637543.6817404,451600,0,0,643740112.5041113
"2015-08-16 03:00:00",3797323161.026001,102028033.22011477,451600,0,0,645427029.7538843
"2015-08-23 03:00:00",3346765517.6296234,99894340.60007787,451600,0,0,577108445.7702987
"2015-08-30 03:00:00",3345732049.6650696,86145906.39307237,451600,0,0,555610539.941858
"2015-09-06 03:00:00",3424428150.864029,97625195.45412987,451600,0,0,566415117.681841
"2015-09-13 03:00:00",3435997782.156372,76193716.65703154,451600,0,0,568396773.1865964
"2015-09-20 03:00:00",3385770805.6243896,64600034.35187295,451600,0,0,550597592.0237374
"2015-09-27 03:00:00",3431856750.097275,58149531.51865986,451600,0,0,520772070.3840654
"2015-10-04 03:00:00",3502459356.167984,50555947.03601918,451600,0,0,491513064.79599667
"2015-10-11 03:00:00",3599835148.979187,46327504.64286852,451600,0,0,478005778.37794465
"2015-10-18 03:00:00",3991622474.9679565,40550433.25457025,451600,0,0,476325507.7774732
"2015-10-25 03:00:00",4154105118.405151,41781370.99714726,451600,0,0,454501974.5977018
"2015-11-01 02:00:00",4657899149.651337,68477207.23448113,451600,0,0,505971787.1141818
"2015-11-08 02:00:00",5692387997.949219,68254322.67448446,451600,0,0,498885855.37629676
"2015-11-15 02:00:00",4942412592.610168,66590205.75528019,451600,0,0,445075649.6345513
"2015-11-22 02:00:00",4861341321.395874,73378875.25261,451600,0,0,437297963.351516
"2015-11-29 02:00:00",5324603226.489258,68625059.25139889,451600,0,0,460810226.25934327
"2015-12-06 02:00:00",5813290200.201416,65194898.36026383,951600,0,0,507303525.43832016
"2015-12-13 02:00:00",6454429948.207092,73276328.71524382,951600,0,0,628642347.0776639
"2015-12-20 02:00:00",6925021736.923218,68663123.23402718,951600,0,0,561783635.8427551
"2015-12-27 02:00:00",6251439746.040344,64650004.39149579,951600,0,0,535038777.5681596
"2016-01-03 02:00:00",6519493346.664429,71275843.4700698,951600,0,0,548249257.8655012
"2016-01-10 02:00:00",6752207450.646973,75031161.85669157,1451600,0,0,555609819.4963357
"2016-01-17 02:00:00",5842269904.621124,93207495.47421634,1452172.7763176,0,0,510330587.12834144
"2016-01-24 02:00:00",5867294005.157471,145357921.2329514,1451776.67813301,0,0,527976296.9314449
"2016-01-31 02:00:00",5729876279.747009,187288793.43793204,1451600,0,0,609143198.8150584
"2016-02-07 02:00:00",5714757845.423126,194883946.31532037,1451600,0,0,666956656.261553
"2016-02-14 02:00:00",5975579008.348846,416193451.4741296,1451600,0,0,712965764.1770244
"2016-02-21 02:00:00",6669256895.226288,336572452.30866957,1451600,0,0,740598988.4650421
"2016-02-28 02:00:00",6600315176.773071,495545000.9475417,1451600,0,0,738218462.279387
"2016-03-06 02:00:00",6121408382.106018,868737165.6436253,1451599.8269558,0,0,731973028.4234014
"2016-03-13 02:00:00",6302326831.970215,1049934286.903935,1451449.19197559,0,0,842667591.9338751
"2016-03-20 02:00:00",6293608466.287231,822294753.29984,1451593.57738781,0,0,796255426.8355408
"2016-03-27 02:00:00",6423042999.311829,862207437.5559167,1451591,0,0,842207796.1322547
"2016-04-03 03:00:00",6480475540.113831,915178309.290757,1451591,0,0,814574815.5954125
"2016-04-10 03:00:00",6467328064.052582,722132721.7226561,1451591,0,0,755897479.2247624
"2016-04-17 03:00:00",6649170351.501465,682467508.2923956,1451591,0,0,752260437.2061396
"2016-04-24 03:00:00",6968576354.238129,658203215.0459644,1451591,0,0,800118791.7159073
"2016-05-01 03:00:00",6940220694.683228,699881220.751383,1951591,0,0,778426493.5653895
"2016-05-08 03:00:00",7114057186.376953,748029355.1996636,1951591,0,0,791002379.4233832
"2016-05-15 03:00:00",7084755186.846924,819397650.2803826,1958462.95002532,0,0,780488891.9226682
"2016-05-22 03:00:00",6900706986.16333,1126810311.2222595,1951591,0,0,789351207.6144104
"2016-05-29 03:00:00",8226502854.4281,974781807.2385765,1951591,0,0,839263843.3333237
"2016-06-05 03:00:00",8955049694.410706,1110685556.8944552,2951591,0,0,1030312965.6948383
"2016-06-12 03:00:00",9539851633.447266,1148076033.926306,2951591,0,0,1067420901.6264277
"2016-06-19 03:00:00",11859832811.251831,906288322.0174795,5951586.03360546,0,0,1100627696.697085
"2016-06-26 03:00:00",10454854635.791016,1160585678.5058317,5951641.37343037,0,0,1099908524.3297224
"2016-07-03 03:00:00",11086081265.444946,989130563.24469,5951591,0,0,1185736548.3103645
"2016-07-10 03:00:00",10247292403.9292,896902499.3366247,5951586.38834792,0,0,1170953286.345829
"2016-07-17 03:00:00",10434741391.769531,953757991.0195353,6951613.37474406,0,0,1471648651.8361893
"2016-07-24 03:00:00",10338572708.245605,1176252970.999868,6951591,0,0,1459422601.7545257
"2016-07-31 03:00:00",10340889221.834473,1026305197.7817394,6951648.17990148,0,0,1408653804.2038865
"2016-08-07 03:00:00",9285937038.234375,898343259.0244242,6948510.74356806,0,0,1455671415.9976327
"2016-08-14 03:00:00",9258735937.789307,960854022.264029,6951586.85652888,0,0,1385058325.0901346
"2016-08-21 03:00:00",9208215376.018066,936015579.3310342,6951591,0,0,1387817773.6508994
"2016-08-28 03:00:00",9023610648.69873,929687679.977573,6951591,0,0,1293850048.3236966
"2016-09-04 03:00:00",9486373844.831543,982950196.8604736,6951591,0,0,1389424719.3079834
"2016-09-11 03:00:00",9887773726.851562,1023632916.1854256,6951590.95,0,0,1437641510.013012
"2016-09-18 03:00:00",9623944105.50293,1066616876.8476087,6951584.73479336,0,0,1417987464.914668
"2016-09-25 03:00:00",9575355371.191406,1083511238.378864,6951585.97783469,0,0,1424782252.451895
"2016-10-02 03:00:00",9761333067.216797,1114202868.5178769,6951590.95,0,0,1365412633.3153262
"2016-10-09 03:00:00",9852485145.301025,1035586352.1538004,6951590.95,0,0,1400377359.5951734
"2016-10-16 03:00:00",10176766350.921387,1018540090.9867743,6951590.85,0,0,1377141647.24184
"2016-10-23 03:00:00",10479669329.550293,1033971025.5134252,6951589.31565296,0,0,1424807863.6206295
"2016-10-30 03:00:00",11388836334.27246,891168049.5067457,6951589.73,0,0,1288944186.4907932
"2016-11-06 02:00:00",11233033306.5,941732522.9437547,6951588.73,0,0,1366582869.8262453
"2016-11-13 02:00:00",11264543084.390625,849341460.2547004,6951589.8,0,0,1354563545.5546753
"2016-11-20 02:00:00",12027477304.940796,832050375.9741255,6951589.8,0,0,1307720537.2850795
"2016-11-27 02:00:00",11773780502.435303,804084701.7126092,6951589.8,0,0,1285683046.0520883
"2016-12-04 02:00:00",12363543726.333618,684257741.6840858,6951736.3988507,0,0,1273546315.5834453
"2016-12-11 02:00:00",12423597454.083069,705363349.7403085,6951595.5208585,0,0,1266087472.6557634
"2016-12-18 02:00:00",12694811835.481445,684028136.9125097,6951771.20400172,0,0,1294308096.402044
"2016-12-25 02:00:00",14450083950.583008,633791855.0328326,6951626.18253916,0,0,1409872728.2016203
"2017-01-01 02:00:00",15491191078.515625,698148582.0688164,9951670.38989195,0,0,1536208445.0256667
"2017-01-08 02:00:00",14611436883.27356,865667437.132406,14951726.29000756,0,0,1506343953.304027
"2017-01-15 02:00:00",13174247860.40039,864036600.1727229,14952066.32778589,0,0,1480363217.0991006
"2017-01-22 02:00:00",14863609421.691895,961461115.2097723,14951704.90158531,0,0,1609677086.1967478
"2017-01-29 02:00:00",14873957220.629883,933090757.8819255,14951770.84922057,0,0,1646299514.6389713
"2017-02-05 02:00:00",16847343179.296875,1013392172.7695622,24951571.4960008,0,0,1782813556.437562
"2017-02-12 02:00:00",16214597429.196167,1008032746.7246307,24950975.17926645,0,0,1723819040.8999357
"2017-02-19 02:00:00",17056569066.050903,1140873274.1515598,24951216.1048975,0,0,1734606635.6926394
"2017-02-26 02:00:00",18518937117.1875,1206149617.4440057,24952084.62692547,0,0,1707561692.7415688
"2017-03-05 02:00:00",20315993973.510742,1655022306.3557363,24951229.41683534,0,0,1949232106.7166862
"2017-03-12 02:00:00",19073207581.58264,1924658489.803605,34951919.11158015,0,0,2202182329.502173
"2017-03-19 02:00:00",15846004246.58966,3193599257.3457375,44952207.55865801,0,0,2712044096.5059443
"2017-03-26 02:00:00",15814856914.366333,4574532781.124837,44947036.5478812,0,0,3014063139.96095
"2017-04-02 03:00:00",17559345252.629883,4582702035.411706,54927878.02020939,0,0,3955925441.938202
"2017-04-09 03:00:00",19134336512.3291,4009004642.0493345,54935165.6226505,0,0,4710423839.998913
"2017-04-16 03:00:00",19085099185.74463,4450139912.377387,50740673.16130089,0,0,5080119940.716683
"2017-04-23 03:00:00",20066218960.474487,4420033151.895394,51488828.56356526,0,0,5404459379.066553
"2017-04-30 03:00:00",21548458537.61902,6248835922.669989,59055708.80743052,0,0,7460451366.903563
"2017-05-07 03:00:00",25768507379.681396,8942951789.735611,60446157.40897137,0,0,11544294609.174023
"2017-05-14 03:00:00",29405073820.05249,8322378946.918215,60697425.2712863,0,0,16897250895.758009
"2017-05-21 03:00:00",33779318021.23535,11705707879.041588,61940825.28653637,0,0,25468834106.436523
"2017-05-28 03:00:00",33595986106.78125,14608584507.765928,107331369.83360338,0,0,20309897439.619217
"2017-06-04 03:00:00",41708285206.15137,20659812407.622643,107470687.91369055,0,0,28360735570.3123
"2017-06-11 03:00:00",48208688680.85327,31296814564.868416,130665290.59722601,0,0,30557831335.681084
"2017-06-18 03:00:00",43539274675.92505,35133780828.741135,126049772.96925528,0,0,33744892674.364563
"2017-06-25 03:00:00",42783762418.407715,30005926010.10971,147510147.91921377,0,0,36283804687.56336
"2017-07-02 03:00:00",40010469450.41504,25572795595.652786,219180430.46368217,0,0,29920157019.468494
"2017-07-09 03:00:00",42283166364.62402,23454654721.822594,219893503.28026947,0,0,30554285410.273113
"2017-07-16 03:00:00",32767572892.295044,15823085102.549568,295162363.33218396,0,0,21255877689.823204
"2017-07-23 03:00:00",46231142026.9043,21418291139.680656,317831289.2023646,0,0,29627939128.21268
"2017-07-30 03:00:00",44890666009.765625,19360924119.191154,318471136.1117538,10793543.60699654,0,25817144295.32447
"2017-08-06 03:00:00",53720893168.078125,24053474689.71757,320093043.8381069,12929250.29993057,0,34502610744.06627
"2017-08-13 03:00:00",64034105430.64307,29161053351.9637,319661283.82000333,44598975.77762604,0,40705584989.79561
"2017-08-20 03:00:00",69192659044.06738,27918126333.29114,318596320.415119,0,0,48662617534.22636
"2017-08-27 03:00:00",71809248347.18848,31517529778.568184,319542631.14583033,217996716.4993286,0,52897679838.59818
"2017-09-03 03:00:00",75841707835.36377,33059801352.57063,348835807.88150537,0,0,55618439132.1841
"2017-09-10 03:00:00",70018089815.18408,27797226686.924053,405081602.55834347,98207825.42228699,0,49186857365.91124
"2017-09-17 03:00:00",59757816343.82349,23272527159.31867,445726238.9848585,0,0,40051147409.872986
"2017-09-24 03:00:00",62954280981.84375,27129873954.83502,443271716.7484967,77580380.4397583,0,41155964742.13298
"2017-10-01 03:00:00",72047302431.67725,28615152628.041237,435866669.4502126,128417861.4616394,0,46668646521.36967
"2017-10-08 03:00:00",73575423619.72656,29550901434.901974,436235346.77403927,157617509.3650818,0,46241181449.23234
"2017-10-15 03:00:00",97011856641.94922,32292086679.087547,437236582.902949,149512708.18710327,0,46833193467.873184
"2017-10-22 03:00:00",100437913823.19092,28624836350.10986,437025998.59791183,124292467.51117706,0,43499662816.59013
"2017-10-29 03:00:00",95819797362.625,28270164668.727932,438159660.84177554,116675469.37251091,0,44367385878.432785
"2017-11-05 02:00:00",123388099786.76758,28661500792.56388,494443671.5379148,162104811.7313385,0,46805554489.399284
"2017-11-12 02:00:00",104979754887.37451,30106190878.701576,597637605.4915965,165243179.31485176,0,64702376265.11746
"2017-11-19 02:00:00",129594711885.87646,33284903532.34492,645544981.8454372,165686207.7023983,0,69935933040.23077
"2017-11-26 02:00:00",146789224290.6709,44712118250.5426,677815034.5794221,187605725.90398788,0,88930165466.30309
"2017-12-03 02:00:00",185258241069.73438,44560454568.45828,814847511.4861153,206484986.28807065,0,98227074072.03316
"2017-12-10 02:00:00",253781735593.31055,45501434898.9938,831977608.4432819,263509682.5184822,0,116547709960.7339
"2017-12-17 02:00:00",326141276696.77734,67106371107.75246,1132154310.1818848,462329807.92713165,0,184678363693.36118
"2017-12-24 02:00:00",244823689711.0371,69671214843.83948,1279864354.3460817,469508440.0167465,0,250039322522.76056
"2017-12-31 02:00:00",216325594543.11523,68850777144.52411,1401350863.095474,768675994.2350388,0,272408832687.03015
"2018-01-07 02:00:00",294222374388.42773,100981177275.99739,1478767718.3802078,2254460630.405426,0,416222466834.78925
"2018-01-14 02:00:00",241446796530.46875,135503313336.85315,1474488550.1805792,2203405214.6759033,0,363636692175.82166
"2018-01-21 02:00:00",216740288318.27832,112225744106.81387,1622821100.2107635,1608866076.0116577,0,298437906894.68536
"2018-01-28 02:00:00",193133122544.20312,108121955540.07835,1612504589.9468532,1317057887.369156,0,257791998926.40253
"2018-02-04 02:00:00",154553293824.21094,93953421901.99908,2226848162.7964187,964954684.8316193,0,195506726354.16196
"2018-02-11 02:00:00",145244590726.04102,83813030803.41745,2228046516.140442,911014993.0648804,0,190050355937.3362
"2018-02-18 02:00:00",187662857038.64746,95077121296.41678,2227521080.223389,1157727816.2288666,0,227662824224.48352
"2018-02-25 02:00:00",165406721994.92188,82119104314.46446,2227758425.018919,906298736.6905212,0,180560672304.90424
"2018-03-04 02:00:00",194289262407.26855,83877819099.82428,2217572950.2022843,1010655233.6502075,0,181921928069.0547
"2018-03-11 02:00:00",149716277655.0293,67235677481.78839,2224830203.4268517,757333032.2217941,0,141829189147.53366
"2018-03-18 02:00:00",133547310223.09424,54200091108.53039,2228614504.9662704,886909640.7394409,0,116843569498.66966
"2018-03-25 02:00:00",145881979776.7578,51431555387.34921,2287423004.646584,1300568742.3553467,0,128984939136.89105
"2018-04-01 03:00:00",118705194446.6919,39144659014.4035,2277309792.7018266,1104193688.8942719,0,102639713265.3085
"2018-04-08 03:00:00",117392196990.56494,38065416617.55047,2290638074.9506235,1454721303.488529,0,100770425541.44545
"2018-04-15 03:00:00",135811551540.34424,49696276124.796585,2278695801.003267,1546025894.9746277,0,129706299662.88129
"2018-04-22 03:00:00",151650992414.84375,59985528066.946556,2297004415.8257356,1522941113.627042,0,170403183524.75693
"2018-04-29 03:00:00",158927938837.82812,67782362148.97,2414399395.909375,1729339691.600613,0,197967832565.6919
"2018-05-06 03:00:00",167541393237.18555,81000235559.96428,2257858452.8696094,1637897060.614393,0,214808212361.36615
"2018-05-13 03:00:00",145021599488.08594,68304030965.73708,2208214046.09665,1483453712.230588,0,173034492635.84973
"2018-05-20 03:00:00",140555895373.82812,69472771049.13219,2510830717.7906156,1636510284.1764498,0,162003811071.07263
"2018-05-27 03:00:00",125574874140.78369,58667599538.043816,2511545924.4097295,1458098684.0343254,0,140634553584.72845
"2018-06-03 03:00:00",130287654873.13232,59026063940.21538,2487158364.9837074,1674348366.7209392,0,150075234358.94766
"2018-06-10 03:00:00",128128073573.2461,59420125573.90853,2530640243.4690123,1816513996.3313618,0,143647492053.045
"2018-06-17 03:00:00",111912883448.4375,50005817441.880295,2619828876.5121675,1799459288.970122,0,113729222208.19992
"2018-06-24 03:00:00",105480098609.375,47601899172.95326,2604208302.3035665,1775725411.2392328,0,99908065816.12894
"2018-07-01 03:00:00",109797137754.1748,45709527738.627365,2699893267.5384617,1673692771.9936297,0,97861482355.66574
"2018-07-08 03:00:00",117521511766.54688,49477697956.46474,2619159112.5364504,1641955048.4155486,0,107087747028.03639
"2018-07-15 03:00:00",107572806366.88477,43890752259.10555,2713583376.0966063,1378565298.8725615,0,93969303131.04051
"2018-07-22 03:00:00",127307892716.55176,46630921233.77792,2660382024.608585,1164183028.1292975,0,103823251652.93243
"2018-07-29 03:00:00",140951375507.8125,47149571428.20905,2498122108.8888597,1394301335.7756472,0,105794971891.31393
"2018-08-05 03:00:00",120869247490.27734,41192725335.544624,2432197417.3927894,1323679384.7868052,0,87975317512.11844
"2018-08-12 03:00:00",108106451581.64062,32489149687.568134,2421279978.8619423,1116316003.7606323,0,68404917219.26866
"2018-08-19 03:00:00",110582598383.59375,29984192043.43512,2736760882.058856,947620321.7714639,0,68361524686.740814
"2018-08-26 03:00:00",116387236697.7539,28386921152.66856,2801107289.45091,966035368.2460184,0,68927203005.69061
"2018-09-02 03:00:00",123981305469.85938,30046692957.1854,2733544309.5170245,1092034444.938952,0,78945864600.41925
"2018-09-09 03:00:00",107397286192.44727,20203492381.20341,2762867706.7736955,912022738.3879004,0,61965784372.137726
"2018-09-16 03:00:00",112887643665.2622,22721984527.082306,2768526045.1162877,966242410.9067593,0,64085020333.45244
"2018-09-23 03:00:00",116058736871.61963,24611501925.306934,2795653692.4364905,1155118101.5729046,0,79787903775.86404
"2018-09-30 03:00:00",114234369232.32422,23657737548.50237,2810691616.9413967,1174837339.6018696,0,80304987020.01015
"2018-10-07 03:00:00",114074648409.7168,23087109195.290813,2800634328.507343,1221312395.274273,0,76689149597.27077
"2018-10-14 03:00:00",108921493433.35352,20479177355.220295,2673590360.563579,1121155808.7927647,0,68719921514.53984
"2018-10-21 03:00:00",112492164597.14844,21092979491.579937,2043920961.914918,1276303839.5632315,0,72767898092.76349
"2018-10-28 03:00:00",112442610027.771,21031676023.466167,1917218502.5846932,1265404062.9664946,0,72493746946.79166
"2018-11-04 02:00:00",110494346280.88037,20612531019.157764,1774680066.3746846,1246768788.0166626,0,72867900254.18053
"2018-11-11 02:00:00",111402667266.66748,21911583370.286255,1771453282.3603988,1251278885.5519295,0,77135198052.94394
"2018-11-18 02:00:00",96636067730.50781,17986209056.47304,1730455043.8918073,1012190701.7051744,0,66054949199.492165
"2018-11-25 02:00:00",67495909376.89209,11697896649.011847,1767539107.9627035,665116455.2337813,0,44518136219.219574
"2018-12-02 02:00:00",73103624621.94965,12246074288.014063,1856127402.9296615,689724736.8499112,0,48067930483.82671
"2018-12-09 02:00:00",60481004015.52807,9542449873.006485,1888186415.4485211,616644937.77171,0,37945027040.75522
"2018-12-16 02:00:00",56392207666.91911,8769607065.256662,1865740610.22934,597777253.629803,0,34465352306.635086
"2018-12-23 02:00:00",70116295669.58743,12190954872.851755,1884938319.8816204,775824602.1667604,0,47123307845.35243
"2018-12-30 02:00:00",66706731183.86826,14325112811.647661,1914864922.5271719,764203723.2682331,0,45481550058.64867
"2019-01-06 02:00:00",67006053968.08664,16237236866.33314,1900206476.1133099,793710266.3248917,0,45491734494.46202
"2019-01-13 02:00:00",63951617854.33785,13137238653.244032,1968418157.2900758,781515697.2172756,0,42235384655.43076
"2019-01-20 02:00:00",65159494467.42893,13019799097.659668,2050228574.2649496,858606694.9709917,0,43161077838.25546
"2019-01-27 02:00:00",63093875787.77317,12184594599.159096,2038602965.9203424,904623729.5381008,0,41959864595.84929
"2019-02-03 02:00:00",61588918669.53736,11567052751.348658,2022768280.8260322,889494818.1351931,0,39687140294.92276
"2019-02-10 02:00:00",64389753659.839874,12513573147.909008,2023520026.931776,1250272710.489188,0,41593020643.18015
"2019-02-17 02:00:00",63736028655.89692,12920355294.027979,2030511100.2927232,1289540696.3891644,0,41000589465.92322
"2019-02-24 02:00:00",72772318880.9877,16681863328.652292,2039149977.9315195,1524397301.0001452,0,48113797054.17834
"2019-03-03 02:00:00",67850503782.43151,14164562612.40161,2040316121.3248239,1672266808.2662637,0,44676078510.315796
"2019-03-10 02:00:00",69724795687.61182,14532501838.440306,2011641529.186789,2056489699.6068666,0,46864695708.73422
"2019-03-17 02:00:00",71210263478.31247,14972861114.346607,2023048349.9421782,2271406545.2558594,0,50235644112.14288
"2019-03-24 02:00:00",71044348339.36627,14573095735.63324,2036815720.8298013,2151674293.7854104,0,50951107236.92528
"2019-03-31 02:00:00",72360880278.26796,14993087937.77362,2029665840.2843192,2381796010.6631346,0,52300707125.99097
"2019-04-07 03:00:00",89207416874.64627,17527453358.610107,2085680195.2049425,2689463581.4248414,0,65206438367.88384
"2019-04-14 03:00:00",89840955121.92606,17367737102.0502,2434703203.782733,2639514039.6858807,0,60428447999.035126
"2019-04-21 03:00:00",94235418170.914,18381397204.721848,2584725071.559595,3515050283.883243,0,62128593515.38132
"2019-04-28 03:00:00",93090559253.4677,16758187936.717926,2831470494.296825,3150273130.4490824,0,55426680654.218475
"2019-05-05 03:00:00",103040300609.42519,17386994775.69271,2780697168.1267424,3233950438.1221952,0,58307918231.81316
"2019-05-12 03:00:00",127324932062.08395,20628252726.534412,2779144867.1317506,2964098973.3515244,0,63234232338.24836
"2019-05-19 03:00:00",128743264018.79132,24817038181.983612,2826226959.860017,3997394081.9250436,0,68191402931.41
"2019-05-26 03:00:00",142730727441.26086,26723606380.621853,3066381058.5491834,4924654281.831279,0,73678875184.5668
"2019-06-02 03:00:00",152070720654.00095,28197576197.430054,3145380171.340182,4668534838.804132,0,83097146821.0747
"2019-06-09 03:00:00",141195643808.06274,26149304837.341553,3253191273.695257,4526576417.770357,0,79145351478.21007
"2019-06-16 03:00:00",157071643324.3856,28625941298.975327,3458023900.5801616,4625271040.896976,0,83517330162.02194
"2019-06-23 03:00:00",190066473665.96228,33035829905.875824,3520673454.4453735,5341330585.889492,0,92868333721.60704
"2019-06-30 03:00:00",212195971764.46143,34052073190.001663,3590222818.7579756,4974021523.773835,0,88377543368.20511
"2019-07-07 03:00:00",199119660789.2581,30689153147.57549,3701709405.757915,4605459369.936345,0,81546650461.04214
"2019-07-14 03:00:00",203023272239.37686,28783299572.459938,3905162367.9087267,4445058406.867402,0,71615703740.81706
"2019-07-21 03:00:00",191923341980.1269,24456088024.183907,4050251566.0510306,4797501195.290623,0,68472226570.307556
"2019-07-28 03:00:00",169376691458.18045,22247512892.488323,4018636102.725722,4320288835.900733,0,62917829625.374756
"2019-08-04 03:00:00",193265191826.8371,23868290194.42639,4044808202.2918983,4341252053.5635805,0,65015598906.50102
"2019-08-11 03:00:00",202576763068.0334,22152221748.027042,4041818470.552741,4613679897.244339,0,60463109209.79249
"2019-08-18 03:00:00",182964157772.05994,19992339542.10031,4043891336.5399294,4281199736.1182537,0,54312230887.57158
"2019-08-25 03:00:00",181719537529.84253,20504770365.37039,4058129081.323316,4118754226.8359537,0,55142026643.20782
"2019-09-01 03:00:00",172382510314.49203,18548427164.11244,4021478250.8807197,3304959015.675365,0,51312520228.089455
"2019-09-08 03:00:00",188472622853.42685,19219420861.32582,4071110601.725291,3508160633.4163966,0,52574742342.12564
"2019-09-15 03:00:00",185784741789.6185,20288460965.71702,4111563122.0078897,3278128144.298374,0,52827438894.23821
"2019-09-22 03:00:00",179904089209.41705,23264134520.97542,4115829245.573879,3275847475.3042393,0,55848283223.75941
"2019-09-29 03:00:00",148262613208.3911,18871654652.07107,4126940658.420219,2470160216.318188,0,44942452086.39941
"2019-10-06 03:00:00",146548819910.639,19059980501.362946,4113996157.3452744,2447631177.856199,0,46039780463.72656
"2019-10-13 03:00:00",149868690552.56174,19519081973.52031,4126320916.245504,2672886893.5605154,0,47656893091.93193
"2019-10-20 03:00:00",143989654006.83463,18727930838.11434,4135824474.465254,2826938326.979732,0,47819611665.35603
"2019-10-27 03:00:00",166539926492.59833,19512025260.437828,4114695515.1058474,2935460690.7935615,0,50986872135.744446
"2019-11-03 02:00:00",168625661384.67014,19973728732.12574,4125800069.3665657,3156075841.452046,0,54038958636.25551
"2019-11-10 02:00:00",158847643234.13025,20057352388.49006,4111546127.067217,3069491114.967948,0,53695897004.63454
"2019-11-17 02:00:00",154327999554.57886,19902777448.74067,4135345056.4752073,3151680143.4217033,0,52672386426.15355
"2019-11-24 02:00:00",133694768231.92781,16699803584.275076,4154438752.211045,2553896283.688646,0,45432767121.88742
"2019-12-01 02:00:00",136829944620.89322,16553240367.91562,4115674787.1282134,2439716224.360761,0,45262056333.51219
"2019-12-08 02:00:00",136650681396.17705,16194266412.491936,4141884817.834743,2437896969.55287,0,44783168001.88339
"2019-12-15 02:00:00",128818260828.40218,15557850972.073689,4130847960.449421,2253189688.7548666,0,43143008100.97984
"2019-12-22 02:00:00",130213830692.92421,13968963971.565222,4135072141.0476737,2081692610.012912,0,40088604513.79999
"2019-12-29 02:00:00",132297083270.8779,13998262897.921335,4122083608.22687,2132158325.9530265,0,40623080332.50086
"2020-01-05 02:00:00",134620230365.61682,14772145426.0035,4134451585.110432,2160415212.399312,0,41914003819.439926
"2020-01-12 02:00:00",145542932321.0348,15602163663.42056,4637102542.697034,2318576010.496836,0,45811386753.31078
"2020-01-19 02:00:00",162126611250.01236,19171231641.693253,4640900241.476517,2766710668.2695246,0,55819123733.47835
"2020-01-26 02:00:00",151963338382.87692,17612674204.560715,4653436502.955076,2636486780.0375285,0,52735516452.799774
"2020-02-02 02:00:00",170741061057.04373,20103729621.12305,4647211835.488361,2838888330.0230794,0,60784375556.40177
"2020-02-09 02:00:00",179461331999.59885,24461176140.485542,4637776474.439743,3382766443.3865123,0,69425415905.59937
"2020-02-16 02:00:00",180291874041.7402,29021372681.654697,4650789294.280124,3761131983.794933,0,73242678082.68004
"2020-02-23 02:00:00",176142515512.05148,28799181069.124287,4653215539.682611,3422928538.0850496,0,67166201768.346565
"2020-03-01 02:00:00",156932024055.18057,24178036764.579292,4663074967.517706,3020098680.146997,0,56222994367.825424
"2020-03-08 02:00:00",162765111170.47482,26005406118.04282,4657554753.030266,3138672543.736868,0,59811568072.54524
"2020-03-15 02:00:00",94487825436.98543,13537446267.43495,4649961777.386579,1578643171.741542,0,34494665715.50151
"2020-03-22 02:00:00",113047593667.86185,14619353870.675228,4657922384.055575,1879211575.8676116,0,39914412467.43974
"2020-03-29 02:00:00",114066158835.14537,14454229086.838863,4632966969.728683,1898674631.5903828,0,40709764020.526695
"2020-04-05 03:00:00",125785823122.15118,16048869078.080637,6187645162.575259,2148235652.830124,0,42719849607.6928
"2020-04-12 03:00:00",125655436296.63971,17498032578.195515,6342828317.173107,2146805865.6844654,0,44295618091.9172
"2020-04-19 03:00:00",133083376958.41133,20690356521.703377,6362229063.67856,2583920841.736335,0,47371823501.54039
"2020-04-26 03:00:00",138799959573.551,21619614418.85442,6396211526.357395,2537274868.2520356,0,48984688269.865166
"2020-05-03 03:00:00",165014845439.89566,23852894912.124306,6385165409.253626,2735350820.852652,0,54168214229.64375
"2020-05-10 03:00:00",176024369912.62723,23399301296.240967,6393948071.063441,2619087354.813216,0,53982916485.01515
"2020-05-17 03:00:00",171940280200.87082,22237181361.82911,8819574331.619287,2494023987.3123746,0,56237737500.58842
"2020-05-24 03:00:00",169078329822.36337,23117885486.8699,8838182532.358545,2572955472.4558144,0,52469469205.08238
"2020-05-31 03:00:00",178324596748.06555,26941236981.459667,8806667284.588882,2754234383.333913,0,56572865632.83197
"2020-06-07 03:00:00",177477369042.55908,26908917242.52193,9189997021.909653,2727679732.9962387,10767457.30472247,58017952583.82837
"2020-06-14 03:00:00",174429918488.5763,26597319161.670254,9206643740.950085,2616792794.181989,10542172.27805817,56661391140.33333
"2020-06-21 03:00:00",172418406453.4397,25609587765.21288,9208720911.111814,2505555776.7714806,11219045.43634917,56269192561.18778
"2020-06-28 03:00:00",166740702391.08307,24862263447.62792,9238007624.980873,2362889901.828801,12311382.75157488,53466938975.38776
"2020-07-05 03:00:00",167759300412.78198,25500469869.770874,9160891838.664932,2411643864.446604,13430143.09767455,56336554972.99793
"2020-07-12 03:00:00",170305362436.30402,26749484534.580654,9196759496.60187,2739640922.551059,15923631.34304037,63527335362.20935
"2020-07-19 03:00:00",168828283272.30783,26324400920.72206,9173868442.817442,2662168904.90875,16679738.71255516,64682627540.70137
"2020-07-26 03:00:00",178500024040.185,34002682188.98582,9977104655.167133,2852556882.3303494,21469692.42699121,69643538333.5247
"2020-08-02 03:00:00",217161905651.72318,43234970337.62755,9952996250.82128,3113313350.4176297,26347988.80110788,79574705280.60927
"2020-08-09 03:00:00",217069049813.35474,44468181862.6632,10009613987.469744,3302946310.398031,42700112.86090202,83555429849.80338
"2020-08-16 03:00:00",219039737204.5783,48604172041.80203,10004307330.508085,3320979624.120728,93120172.79889727,91920431134.91196
"2020-08-23 03:00:00",215627087978.01935,44469081755.656586,9997582213.842691,3203879893.230703,95101959.40841056,91292228817.44225
"2020-08-30 03:00:00",212317146503.0612,44936714530.4188,10025643534.465586,3321931653.970873,128017267.95671177,92684168827.72684
"2020-09-06 03:00:00",188160755947.52505,37499006995.03976,14151947510.394756,2797971497.64407,88025996.1841586,78966908624.84221
"2020-09-13 03:00:00",193252986763.48996,43624737350.487854,14708557413.38245,4101633575.084289,117202017.94049607,88808936150.05495
"2020-09-20 03:00:00",205025579879.95358,43438624231.43461,15234079578.250809,3925380716.0270953,113175900.53380807,86400767044.6401
"2020-09-27 03:00:00",198608722445.97964,40005077720.48444,15304202316.217613,3776637306.98146,121256854.21726823,83857821989.99956
"2020-10-04 03:00:00",195261821470.8855,39118072549.097694,15597787542.140688,4074403911.3829036,104042919.79038557,80844472815.51282
"2020-10-11 03:00:00",209117136770.90915,41898254385.42716,15723593529.002787,4102925181.7890577,101957019.38286027,86969026058.899
"2020-10-18 03:00:00",210314271083.3548,41688656883.27486,15818260294.400982,4366886174.25659,95875274.88360833,84247165726.44916
"2020-10-25 03:00:00",242755970099.77625,46660158880.86186,16250799905.20061,4423338193.108857,85177252.60027657,87893897109.88217
"2020-11-01 02:00:00",254825919399.85666,43770077536.17997,16657595742.595518,4097437476.5017014,70667639.83143508,81681189746.69473
"2020-11-08 02:00:00",274067713460.94452,49186747591.38931,17153053541.521812,3976253786.5099144,92667467.6598883,84375375175.71455
"2020-11-15 02:00:00",297699466933.8419,52036034175.49889,17838726484.656708,4028625416.1386366,87999473.32817948,89026698200.19565
"2020-11-22 02:00:00",345776975059.85956,62576823369.07483,18353112849.454144,4411064764.02958,110000496.00812197,110191986495.21375
"2020-11-29 02:00:00",329155498008.4123,61285025175.15681,19057682068.125393,4222530600.7328153,86850260.09275801,117105652622.66992
"2020-12-06 02:00:00",356377680827.05334,68362295999.73019,19645832618.34019,4298510449.70517,91730750.3780037,119599418794.72314
"2020-12-13 02:00:00",350134299070.0396,64800293362.73396,19826514949.70222,4085037509.6232886,69083082.4238313,111192799547.77707
"2020-12-20 02:00:00",441913111821.89417,74813113389.3824,20119999186.24231,4795467991.361982,77536688.15084124,131110971999.75832
"2020-12-27 02:00:00",492703707326.58966,72657705037.7945,20682807547.893406,4841629962.750171,61719088.39735199,110240628571.93492
"2021-01-03 02:00:00",597467298389.5626,88563949592.77252,21212844967.72712,5536106340.065709,84342594.55464607,118186301737.93744
"2021-01-10 02:00:00",752588082610.5546,147334582816.98865,23728084765.35732,6399552648.281384,895924718.351988,157294386293.2061
"2021-01-17 02:00:00",667116445624.1761,139277094497.4234,24297729030.485172,6083064551.918027,887800262.6176025,174700337136.44965
"2021-01-24 02:00:00",591705688134.7366,140208958092.73184,24794123390.332806,6283108542.3482275,915453141.7836432,172468957161.8269
"2021-01-31 02:00:00",634838735744.3427,157009677180.15506,26373842728.109283,6918638351.012424,1106838491.8511386,192215998798.71942
"2021-02-07 02:00:00",725553084231.3765,191854869083.7684,28257478542.05196,11236656716.980967,1604018606.735035,236086631495.88718
"2021-02-14 02:00:00",879817617099.0795,208123280169.3277,31612995619.0182,20649075527.717804,2290937214.7570906,329731244387.1698
"2021-02-21 02:00:00",1041134956254.9355,218118606748.88242,34125043144.906803,38949693706.84944,2597105469.7079616,364922715176.15784
"2021-02-28 02:00:00",855209829049.678,166450094064.43906,35024040732.98164,34549176238.23977,3439009687.3163414,326838952387.84515
"2021-03-07 02:00:00",915662386959.707,191084734093.76123,36436699929.17803,35061963498.65726,3422026039.0311756,336884037037.3753
"2021-03-14 02:00:00",1141544762923.7522,221054380638.97314,38221472672.86718,42708418957.361694,4098496416.392844,393466597576.6429
"2021-03-21 02:00:00",1086588283427.6183,207379549927.133,39534413170.61775,40686004148.71024,3786600110.013134,419995329100.46765
"2021-03-28 02:00:00",1046513025994.4982,197896640792.27283,40181026729.61415,41785853186.25272,4451118610.926102,425052963457.136
"2021-04-04 03:00:00",1071075509840.3544,231910191004.40643,42452506769.89952,49427162048.293564,6003314923.815283,481554409109.09076
"2021-04-11 03:00:00",1119245666510.7432,246254435420.2203,44397618791.10724,72808563035.29756,7211644638.948937,555487755667.7828
"2021-04-18 03:00:00",1135466232452.5237,271170036717.15714,48360308367.72645,79848227758.7707,6778102255.966014,656980013751.2461
"2021-04-25 03:00:00",935704807467.3811,256270066783.62427,49432687558.45555,76357951856.31366,11076834761.730612,497438901643.26483
"2021-05-02 03:00:00",1082568171379.4879,341504746814.8196,51506813936.71201,95047467174.1145,13596479162.214754,659860589867.6013
"2021-05-09 03:00:00",1102434409280.355,450778871214.80365,55271312416.06495,99129806593.96371,12455780450.060438,743436222051.7623
"2021-05-16 03:00:00",872705425563.0308,420897184513.499,58224033555.6261,86433567111.95302,11784592530.13047,727467920669.7407
"2021-05-23 03:00:00",692898054129.6456,263718411146.6454,59510401201.90661,45291809562.69616,8264756676.450215,482623573592.72595
"2021-05-30 03:00:00",644153156325.7157,262384912214.06873,61314086539.08825,46417558911.08637,7421123362.15071,462806315182.0503
"2021-06-06 03:00:00",664815138156.9275,304784277518.56213,62235447538.97976,59863461888.86138,10834236147.00066,510275918942.9386
"2021-06-13 03:00:00",664373174916.2922,274941683474.9198,62666339230.23388,52588509490.169136,9882662692.980309,452698913839.9546
"2021-06-20 03:00:00",667937473207.762,252901294552.43774,62668946316.62116,51475813265.33372,9626844672.98311,432986349753.2523
"2021-06-27 03:00:00",603381592652.326,212125008541.06378,62608769751.00941,42771826001.80292,8049071642.948467,366885567918.33936
"2021-07-04 03:00:00",650150979520.1631,259772070604.78122,62371971541.710785,45687993064.915405,9405286252.79876,406422137967.3907
"2021-07-11 03:00:00",628953515866.3229,246868884696.60956,62208640230.37424,48556581380.87667,8652006302.690956,394161545000.4857
"2021-07-18 03:00:00",591135497961.4,221903988191.46198,62016265104.870636,46056672663.27103,7288871882.76227,330602574308.554
"2021-07-25 03:00:00",643615816297.2711,255543314909.49374,61846003177.420784,50565264220.37074,7821861376.327461,382864542768.2661
"2021-08-01 03:00:00",774708987653.2549,294784170355.6695,61816149840.79902,55629273761.31366,9810318834.723696,438750565272.08923
"2021-08-08 03:00:00",834794535926.7158,368678068369.4089,62133279237.29059,59830214876.62778,10728832638.452173,495566596392.85474
"2021-08-15 03:00:00",884845318881.3549,382817840773.0682,63288707994.76422,68846649702.19875,12632083400.70328,586188893924.7808
"2021-08-22 03:00:00",917484727391.8276,378412254943.805,64666364293.04295,75600568163.73792,21120456862.994118,623505494383.0624
"2021-08-29 03:00:00",919329013212.1975,380983285760.8507,65545937495.153465,81683542351.44365,27879534864.190384,628938342368.4642
"2021-09-05 03:00:00",939711711000.2014,456906946300.4345,66805103141.59637,83623348508.29382,40646009403.08006,683117247980.8439
"2021-09-12 03:00:00",851089115178.3025,384677831881.08356,68369456228.047615,68199021071.76049,52325635738.64701,641774369716.6289
"2021-09-19 03:00:00",908358110035.5789,403121183998.852,68248389502.164825,68980522028.94023,50102290109.06952,653035302422.6345
"2021-09-26 03:00:00",804898339785.7289,345002939549.2412,68606097794.12081,58949547421.6552,40526934190.98492,580775386453.3789
"2021-10-03 03:00:00",900073005644.655,401548829373.27124,68046195387.654655,72537912151.52019,50776437926.99807,625059213738.6407
"2021-10-10 03:00:00",1034216654856.8279,420801352459.94666,68405597008.8037,70776216023.99797,46835524471.88377,679557524946.7
"2021-10-17 03:00:00",1146446116365.8955,450802569639.44916,68765490083.98462,77937333456.02844,47240163494.774315,681172017467.408
"2021-10-24 03:00:00",1158113022223.8657,493834318718.5856,69631400587.23428,81119747755.60431,59575530805.77936,696081866221.3708
"2021-10-31 03:00:00",1172423579472.9004,511419341053.63446,70357678346.28459,88460879868.49103,58833748726.402275,734020954130.0371
"2021-11-07 02:00:00",1160782856371.4473,533984757234.35205,71964436301.34343,106134307385.89406,77468873674.33638,779677648511.0969
"2021-11-14 02:00:00",1217272627959.175,549367969831.92035,73907428248.88927,108395328296.75528,73028757872.79036,806272656371.3297
"2021-11-21 02:00:00",1126863993568.2693,522371354283.9314,73062349328.31694,100789889945.4461,66030019569.10208,772765717471.2142
"2021-11-28 02:00:00",1031350802102.1504,483715894656.46533,73196290269.79013,99564534106.11238,58368435220.61124,723854411110.2305
"2021-12-05 02:00:00",933392769616.6028,491312272640.48566,74227082095.99887,95579955712.02997,61997942082.05623,668766747462.8064
"2021-12-12 02:00:00",933635570117.4297,485112981432.92426,76183458803.44576,94312911032.36746,52766414691.6387,634666800254.5742
"2021-12-19 02:00:00",886670909049.433,470733057878.51825,76387504271.00589,89224298447.64339,56366169808.564606,627553130546.565
"2021-12-26 02:00:00",954064621635.8835,486650487191.96954,77639400668.66673,91401319944.93144,59699759318.08052,702889442631.9583
"2022-01-02 02:00:00",902088084567.8085,448411926644.1226,78383296645.9698,87943673304.73042,55233781581.56148,680964577417.8872
"2022-01-09 02:00:00",788192455605.3083,367357162223.69037,78296923156.64012,71583902871.13214,44267895550.240524,592235189722.4785
"2022-01-16 02:00:00",816385621142.4426,396667055906.4705,78429393718.96315,82396408180.91304,46371082587.02422,647456022033.4165
"2022-01-23 02:00:00",663379690397.5729,286934483325.1023,78268348705.2819,59091371268.17298,29612702822.629955,485922445813.74
"2022-01-30 02:00:00",722523596937.8405,309969523681.28406,78152722304.88902,64142613618.62321,30192355557.0551,526095281754.3282
"2022-02-06 02:00:00",785536953509.4751,360487786262.10065,77958275343.9519,68485640942.10351,35928156335.88763,566646317401.3912
"2022-02-13 02:00:00",799590577072.0719,348159800254.60486,78475876252.45245,66478580810.81041,30406941066.95832,568709843979.582
"2022-02-20 02:00:00",760796484239.0807,330611464436.2132,79041843525.7005,66068406982.30307,29214127402.915035,549342187410.02747
"2022-02-27 02:00:00",741275725902.385,332808740444.5793,79572332367.41995,61630496631.15538,28813759263.573868,534917593880.26654
"2022-03-06 02:00:00",747574747286.6978,319335896322.3476,79735103566.0254,63553931052.95835,28417354605.697914,534604271795.9729
"2022-03-13 02:00:00",736685733333.7972,308050164471.9256,80070392286.27362,61423963098.987724,26011992789.723827,523288006934.36194
"2022-03-20 02:00:00",801392232392.8224,354295612929.0487,80456470348.46518,66019755649.879944,29606878292.11328,569162393257.7405
"2022-03-27 02:00:00",845378951663.2163,377777516828.02106,81345262516.74202,68687467499.63702,33064761929.748455,605830284823.1151
"2022-04-03 03:00:00",871390925491.8505,414377935298.549,82112985497.30412,72167265740.78893,43174418154.13669,646374511127.3108
"2022-04-10 03:00:00",812496139167.0042,391812889331.72876,82543494789.06436,70408247507.12987,36949620739.93095,592363667079.502
"2022-04-17 03:00:00",768411509200.4827,368694883480.90826,82739008959.94557,68941427510.8775,34042291669.002655,562228742903.1533
"2022-04-24 03:00:00",751366083006.1338,354067796218.5575,83133777498.29118,65533388123.95959,33606139555.456932,549180668185.421
"2022-05-01 03:00:00",717612926164.6787,329443598612.3622,83171035951.00302,61658724193.79196,28412555825.49738,473046541669.8367
"2022-05-08 03:00:00",675183216782.4188,318301600921.0965,83231348107.73582,59686220279.77031,26487199620.34279,457711947531.1358
"2022-05-15 03:00:00",572542774257.4546,248183468071.67816,76605466803.11334,48480974680.377266,17655312020.795643,326594504917.021
"2022-05-22 03:00:00",560354817916.69,238607242245.3491,73187928342.14606,50935855434.701355,17051776339.350897,319331424508.1926
"2022-05-29 03:00:00",552575812635.9056,216694774456.25574,72469017648.8129,50195453199.157486,15029230685.148098,302044966403.8501
"2022-06-05 03:00:00",568628804099.7684,218245756864.94644,72492549909.97083,49161224526.93931,13220210036.233337,311316844449.6517
"2022-06-12 03:00:00",540964465974.6095,185302462344.92966,72427628780.73235,44008200617.20825,11585753994.595175,284926273765.6851
"2022-06-19 03:00:00",361136355053.1357,120103581721.31735,68140918508.080925,32158347390.694374,10831128209.961014,247280632116.2506
"2022-06-26 03:00:00",409609240549.6432,150584718151.30475,66835697538.107445,39145409721.42472,14445024351.80633,284464177035.09357
"2022-07-03 03:00:00",367205418606.82806,129454259827.3392,66162853023.02572,35602148889.92494,11455101064.709751,260814778321.02234
"2022-07-10 03:00:00",412163735842.87366,147830504370.35236,65960485406.57627,39717277008.30582,13143702771.92626,278144870645.47565
"2022-07-17 03:00:00",404729909498.7795,164516557861.88605,65861745645.50546,40760594678.834366,13673679553.357672,277051177679.0369
"2022-07-24 03:00:00",429122813487.8905,188494375095.35443,65843483760.51075,41862804080.266335,13843896219.314268,290312963319.1237
"2022-07-31 03:00:00",451941665721.6951,206498456353.95126,66075458172.303825,46396925913.17714,15142356938.000748,306620094439.1819
"2022-08-07 03:00:00",438932771129.8484,206157908512.57245,66485061249.00523,50841098183.79623,13879667067.851112,311861970310.8966
"2022-08-14 03:00:00",467102657290.8578,241682423020.51636,67062561810.39438,52269092421.58057,16216926575.56208,326682793970.2588
"2022-08-21 03:00:00",404739720814.54877,192408920351.75687,67547818486.49548,45761555753.31122,12311457138.575945,285102111583.5717
"2022-08-28 03:00:00",383465019651.61566,182131385881.65753,67550646712.48055,44820043554.84631,11019085155.085503,278824205120.13446
"2022-09-04 03:00:00",379602782193.7084,190296965524.15692,67555518280.61662,44816574558.75836,10879065914.773092,283080748874.3566
"2022-09-11 03:00:00",415079333871.6956,217235641599.3295,67565052498.271034,47904215820.11447,12402494881.939846,302315189259.3495
"2022-09-18 03:00:00",385506713761.8418,179908765813.0622,67930094918.491974,45048706949.46587,11946365888.417076,288116375536.84106
"2022-09-25 03:00:00",362813100923.0056,161462371278.91446,67958300371.26616,44384579754.92422,11867029835.300787,283519889469.3688
"2022-10-02 03:00:00",370137999102.181,160835993796.9288,67952498756.76388,45641514437.445984,11536228045.095753,279375394604.2446
"2022-10-09 03:00:00",372301876441.6085,161422244261.92563,68338375038.03156,44601612802.64792,11635512567.000504,281079662481.4059
"2022-10-16 03:00:00",365746872548.4422,156585852463.54218,68438324611.10955,43304789242.34453,10589769271.820074,267419732705.00143
"2022-10-23 03:00:00",368532562230.6632,160829783102.00027,68457318836.58584,43271554735.80493,10039392213.257795,272371479790.04797
"2022-10-30 03:00:00",399558492460.49866,198208689034.6846,68992647482.87239,48670354144.365456,11788624880.37425,297097522881.6146
"2022-11-06 02:00:00",408659103664.8704,199212542931.85614,69369098597.46455,55878009924.09291,13209409375.037716,310965219509.28827
"2022-11-13 02:00:00",322652408772.5591,153633199296.79153,67326674114.61072,45171345118.72949,5271772995.605875,251243025556.65332
"2022-11-20 02:00:00",321087992755.1821,149104753582.8255,65884700007.236984,43581542220.2517,4660978492.295097,251106278077.47864
"2022-11-27 02:00:00",316397144432.51184,147571296368.8932,65334455694.803856,49810686062.75891,5140391904.788494,250871731155.35376
"2022-12-04 02:00:00",325035905983.18805,152137539500.45178,65448433992.09846,46479765739.209984,4839674449.285146,253668193310.99658
"2022-12-11 02:00:00",329408305902.84644,154976450573.06998,65710392042.32268,46094011871.177765,4970441803.949845,253043242862.84332
"2022-12-18 02:00:00",323088938420.8205,145395882867.81366,66061043244.356476,38794742871.42182,4583839449.963082,232644842781.34442
"2022-12-25 02:00:00",324185375825.4331,149439480245.03406,66246934546.51916,39133488421.75819,4199311854.116661,228234090306.9688
"2023-01-01 02:00:00",318524383653.84283,146446478626.2372,66242484238.98182,39404568795.698,3658819576.4152436,221255274534.1549
"2023-01-08 02:00:00",326460332620.2045,154702829012.57297,66265558812.413414,41790935384.73163,4842262070.498244,230385314580.64923
"2023-01-15 02:00:00",404074971408.24384,189769011784.0753,66282125860.906845,48841053871.31839,8990954277.03343,267218301814.55222
"2023-01-22 02:00:00",438903603818.10767,199147069541.17365,66499723569.150856,47250899530.21196,9140402880.682793,275975898535.23303
"2023-01-29 02:00:00",443943851312.27496,192448748114.47757,67518108980.98198,48355394988.77452,8909484211.88673,287663812985.9342
"2023-02-05 02:00:00",449882178717.0912,204017606451.53558,68034946739.68909,52195372466.59587,9060669968.656513,300482133175.4018
"2023-02-12 02:00:00",421847738998.7693,188428340827.30096,68329460317.61566,49044365231.551605,7816531455.563047,285599328159.6194
"2023-02-19 02:00:00",475435017083.6038,207017445219.50726,70306645409.63303,49993477227.70427,8876435852.189247,305519866605.7524
"2023-02-26 02:00:00",447300343673.45245,195157075701.2377,70807590421.26932,47742856878.0865,8522056646.970914,288991061216.4331
"2023-03-05 02:00:00",431622589771.62665,188772805126.19913,71367591355.09926,45713670396.18657,7945931465.988171,277345196150.1702
"2023-03-12 02:00:00",398425079397.10114,178570454811.42953,72628751184.13756,43885372674.56059,6979368793.08315,251478376559.99805
"2023-03-19 02:00:00",521088381699.3192,212362627830.73816,76361478448.53383,52345733751.51092,8129208470.7986,275353464446.50934
"2023-03-26 02:00:00",531439838531.1089,210059343915.36264,79093732523.01085,50941019466.75058,7848545048.241788,268506209304.06525
"2023-04-02 03:00:00",550315925932.436,219376749941.10788,79710452434.68224,49725662934.655235,8132269065.513683,278921278039.14496
"2023-04-09 03:00:00",540624981054.4011,222807405771.52658,80231907779.34363,49048950235.21574,7773685859.034958,275218589061.538
"2023-04-16 03:00:00",586533594112.3013,251947818921.26996,80968222315.80785,51964147434.43889,9436252945.276255,291458818694.15576
"2023-04-23 03:00:00",538344959862.19855,225676833998.65637,81433148486.53378,51749062353.50764,8565957203.776187,268115758523.15744
"2023-04-30 03:00:00",566182944390.8407,229809368542.84705,81735040519.12047,50204467786.126335,9111830487.66784,269580041679.35767
"2023-05-07 03:00:00",559709347841.3616,228668803295.7415,82226942196.19049,50305557418.231346,8662179591.553524,257478816376.91156
"2023-05-14 03:00:00",518968547220.15186,215983040759.049,82846568348.00502,48486400529.64414,8252895764.977668,246025831997.69235
"2023-05-21 03:00:00",525529767793.62335,218913018649.76096,82948551349.67325,48426754955.96406,8032279365.750737,248269214559.16763
"2023-05-28 03:00:00",520912514449.64703,220202015390.32153,83168054884.32489,47938681131.88433,8095533021.107615,245802420210.3446
"2023-06-04 03:00:00",525043474759.34106,227535738303.20444,83167744894.2725,47803920578.82126,8398844103.4058,251488896374.6749
"2023-06-11 03:00:00",501531532346.65936,210702607185.14426,83396573554.4672,37262901556.01777,6235429159.712013,214725043881.89938
"2023-06-18 03:00:00",514438080876.273,207630797260.7137,83543401787.73396,38121105734.63362,6249908727.84445,219240554579.08124
"2023-06-25 03:00:00",592914202067.9674,225465017909.50696,83240900151.73608,36880384564.06192,6657061888.010033,237556776137.4376
"2023-07-02 03:00:00",593919902869.0204,231355402180.78745,83350667461.85008,38617731089.84696,7480816741.058715,244811689567.33643
"2023-07-09 03:00:00",588386302769.8214,224261596704.9475,83378229922.02725,36826502672.36469,8793538070.377176,237674256948.74197
"2023-07-16 03:00:00",588688760272.4974,232186860311.81308,83638697109.96028,39133366992.27192,11027938984.855997,260095320766.8313
"2023-07-23 03:00:00",579011781251.3795,224292930098.86633,83805790864.52353,37079737143.72811,9908397094.680363,257544511974.11212
"2023-07-30 03:00:00",570777847228.8077,226054234665.2609,83831303950.04558,37322623522.18958,10177846858.96187,258761227480.80435
"2023-08-06 03:00:00",564871134074.4031,220485713339.8277,83820182250.89096,37380522463.43399,9168298628.262917,245971283893.44138
"2023-08-13 03:00:00",572314536770.0978,222158761589.37894,83366510395.23915,36966222009.86894,10110797083.629053,249492820448.92615
"2023-08-20 03:00:00",507902489124.0986,200703288493.3782,82838144743.45888,33388300806.63695,8913906808.72928,222608781984.09814
"2023-08-27 03:00:00",506344524471.9797,197908515869.4094,82811866940.55339,33288736495.74549,8272341288.056282,220014185479.14578
"2023-09-03 03:00:00",503799575059.6495,196798554997.71213,82901682430.00319,32993907646.9528,7967342850.406871,218108657064.71555
"2023-09-10 03:00:00",504461348552.25543,196584322818.26114,82992946190.50127,32957692204.18234,7984825882.952759,218605391141.03708
"2023-09-17 03:00:00",517748280581.96606,196589322503.6253,83065027653.27614,33069547649.925568,7871412204.4913,221530897545.01556
"2023-09-24 03:00:00",518139804929.4164,191623905873.7266,83206758665.032,32396394278.612644,8035147376.322002,221329705976.5404
"2023-10-01 03:00:00",525875522318.53955,200935947754.0943,83260095938.14577,33046306303.161613,8834373543.348381,224886840832.37036
"2023-10-08 03:00:00",545645259081.3614,196560758534.532,83500048193.17685,32673926884.98313,9647341956.849188,225071213752.94742
"2023-10-15 03:00:00",524102030360.87256,187007807773.30377,83529062839.9129,31784400609.799824,9159152924.45152,216186657702.3194
"2023-10-22 03:00:00",584019984977.6497,195948847306.6615,84181185815.08122,32513704451.181694,12245080661.425186,226863200750.8808
"2023-10-29 03:00:00",665656548615.5605,213663634184.2632,84557956914.1351,34252961268.42906,13267677498.61816,244381249292.14386
"2023-11-05 02:00:00",685425049680.7308,223385918567.2427,85430312992.87839,36020704252.850746,17795445856.750053,260958365194.84723
"2023-11-12 02:00:00",725589121192.4537,246911725799.46518,86668304904.3247,38143057154.32209,23640923685.154377,293912838734.6499
"2023-11-19 02:00:00",715108559322.432,236077730418.46545,87730704510.39658,37161761285.19125,24748165411.799564,289903152628.56506
"2023-11-26 02:00:00",739041621565.3634,250612513936.56274,88754420853.43018,35562651279.03567,24909552668.0608,300304709297.35724
"2023-12-03 02:00:00",772044524064.7035,260417483993.7984,89566800489.88713,34782863622.41277,27073588701.93658,301184287812.82166
"2023-12-10 02:00:00",855565500560.5372,281482967763.9848,90367602258.69978,36072569559.868645,30785230077.317932,334066771516.1716
"2023-12-17 02:00:00",826644310040.584,267678775505.2351,90827201158.34068,37066905729.53042,31419170811.432358,346048910118.99744
"2023-12-24 02:00:00",856152998776.969,277579548725.6057,91242168989.30872,41166333986.41363,46048035372.98992,364021325978.9929
"2023-12-31 02:00:00",825552768357.2721,275452259924.902,91698266069.95436,48096823112.33537,43721535764.93448,365935598913.4017
"2024-01-07 02:00:00",862003611939.41,269455154927.95142,93395210465.59216,46689615628.76587,40478211652.44459,339738864301.696
"2024-01-14 02:00:00",839625082477.8489,309827594268.34326,95005278753.54558,45844781625.13303,41408952803.089,357982109863.8902
"2024-01-21 02:00:00",816916901452.1448,296808097460.5056,95004214750.5442,47401247335.601,40082852039.36517,345838667327.5093
"2024-01-28 02:00:00",826120164361.4614,272592097858.73444,96048191584.48085,45727831936.91035,40816872228.03173,341645267731.2812
"2024-02-04 02:00:00",843451617252.0986,275951229578.09,96214400776.55109,44821440121.403725,42686938472.85393,343882131371.07263
"2024-02-11 02:00:00",937431367058.3652,300565713106.8423,96252271240.08586,48318668741.40254,47686155691.73884,365659941933.5852
"2024-02-18 02:00:00",1014161256671.4125,334865312939.13007,97630905480.54608,52776167194.273155,48019845083.58629,392414101716.95197
"2024-02-25 02:00:00",1012573552189.2938,359552435835.3614,97904752652.88187,57083221436.13043,45931122943.363976,405886618288.1485
"2024-03-03 02:00:00",1218483195345.6973,411220376778.1495,99242606118.26245,61458416874.655,57475609041.673965,497568090446.9918
"2024-03-10 02:00:00",1345375745456.6672,470057648001.5722,101800311676.20859,73208183490.36284,64090013435.67832,549989584476.981
"2024-03-17 02:00:00",1282730260164.3262,422717711013.55536,103231120604.17717,86208672198.01358,80736939720.9827,506711552123.91504
"2024-03-24 02:00:00",1258936642568.904,400130080176.4029,104056999158.06271,82524783017.96312,76778649086.26503,520797703291.22217
"2024-03-31 02:00:00",1369891367175.5667,421228933238.22833,104573735066.73721,89881380444.08043,86385306684.01015,558644667539.5073
"2024-04-07 03:00:00",1355740378744.6816,402681245252.1714,106843758492.42998,87626728045.22006,79591786838.54655,533513465877.9703