month,GPR,GPRT,GPRA,GPRH,GPRHT,GPRHA,SHARE_GPR,N10,SHARE_GPRH,N3H,GPRH_NOEW,GPR_NOEW,GPRH_AND,GPR_AND,GPRH_BASIC,GPR_BASIC,SHAREH_CAT_1,SHAREH_CAT_2,SHAREH_CAT_3,SHAREH_CAT_4,SHAREH_CAT_5,SHAREH_CAT_6,SHAREH_CAT_7,SHAREH_CAT_8,GPRC_ARG,GPRC_AUS,GPRC_BEL,GPRC_BRA,GPRC_CAN,GPRC_CHE,GPRC_CHL,GPRC_CHN,GPRC_COL,GPRC_DEU,GPRC_DNK,GPRC_EGY,GPRC_ESP,GPRC_FIN,GPRC_FRA,GPRC_GBR,GPRC_HKG,GPRC_HUN,GPRC_IDN,GPRC_IND,GPRC_ISR,GPRC_ITA,GPRC_JPN,GPRC_KOR,GPRC_MEX,GPRC_MYS,GPRC_NLD,GPRC_NOR,GPRC_PER,GPRC_PHL,GPRC_POL,GPRC_PRT,GPRC_RUS,GPRC_SAU,GPRC_SWE,GPRC_THA,GPRC_TUN,GPRC_TUR,GPRC_TWN,GPRC_UKR,GPRC_USA,GPRC_VEN,GPRC_VNM,GPRC_ZAF,GPRHC_ARG,GPRHC_AUS,GPRHC_BEL,GPRHC_BRA,GPRHC_CAN,GPRHC_CHE,GPRHC_CHL,GPRHC_CHN,GPRHC_COL,GPRHC_DEU,GPRHC_DNK,GPRHC_EGY,GPRHC_ESP,GPRHC_FIN,GPRHC_FRA,GPRHC_GBR,GPRHC_HKG,GPRHC_HUN,GPRHC_IDN,GPRHC_IND,GPRHC_ISR,GPRHC_ITA,GPRHC_JPN,GPRHC_KOR,GPRHC_MEX,GPRHC_MYS,GPRHC_NLD,GPRHC_NOR,GPRHC_PER,GPRHC_PHL,GPRHC_POL,GPRHC_PRT,GPRHC_RUS,GPRHC_SAU,GPRHC_SWE,GPRHC_THA,GPRHC_TUN,GPRHC_TUR,GPRHC_TWN,GPRHC_UKR,GPRHC_USA,GPRHC_VEN,GPRHC_VNM,GPRHC_ZAF,var_name,var_label
1/1/2018,92.43,107.64,75.67,69.34,85.86,59.45,2.77,23050,2.50,6636,109.91,143.00,56.18,122.08,153.70,122.09,0.27,0.05,0.99,0.68,0.27,0.32,0.42,0.56,0.00,0.09,0.19,0.05,0.16,0.07,0.02,0.69,0.03,0.43,0.03,0.11,0.06,0.01,0.45,0.72,0.05,0.04,0.04,0.18,0.28,0.10,0.25,0.72,0.09,0.04,0.09,0.05,0.02,0.05,0.10,0.00,1.03,0.31,0.09,0.04,0.02,0.43,0.04,0.10,2.20,0.10,0.03,0.04,0.00,0.11,0.14,0.02,0.11,0.12,0.02,0.57,0.05,0.30,0.03,0.14,0.00,0.00,0.53,0.45,0.02,0.03,0.11,0.15,0.27,0.05,0.15,0.57,0.14,0.03,0.08,0.03,0.05,0.06,0.02,0.00,1.04,0.24,0.11,0.05,0.03,0.56,0.02,0.11,2.46,0.11,0.09,0.06,,
2/1/2018,64.49,74.68,52.00,58.21,77.45,44.60,1.93,21506,2.10,6524,106.94,114.47,49.08,104.21,127.96,89.95,0.26,0.06,0.94,0.28,0.17,0.23,0.38,0.35,0.02,0.03,0.22,0.04,0.07,0.02,0.01,0.29,0.02,0.30,0.02,0.08,0.04,0.00,0.31,0.67,0.01,0.01,0.00,0.08,0.25,0.10,0.13,0.38,0.05,0.01,0.03,0.02,0.01,0.01,0.06,0.00,0.74,0.14,0.06,0.05,0.02,0.41,0.02,0.11,1.59,0.03,0.01,0.00,0.02,0.05,0.06,0.02,0.08,0.03,0.00,0.38,0.03,0.26,0.02,0.14,0.03,0.00,0.40,0.38,0.00,0.00,0.00,0.08,0.34,0.05,0.14,0.34,0.08,0.00,0.00,0.02,0.02,0.00,0.05,0.00,0.92,0.15,0.09,0.03,0.00,0.48,0.05,0.12,2.08,0.02,0.03,0.02,,
3/1/2018,111.96,146.93,64.56,76.14,105.13,54.73,3.36,24954,2.75,7209,126.17,164.52,58.24,151.00,166.72,141.12,0.46,0.03,1.46,0.76,0.08,0.46,0.28,0.39,0.03,0.15,0.24,0.11,0.34,0.16,0.03,0.95,0.03,0.70,0.03,0.15,0.05,0.04,0.66,1.55,0.07,0.04,0.04,0.13,0.23,0.17,0.48,0.98,0.17,0.10,0.07,0.07,0.03,0.06,0.18,0.04,1.42,0.25,0.09,0.03,0.03,0.23,0.06,0.30,2.75,0.06,0.03,0.04,0.06,0.15,0.22,0.12,0.15,0.06,0.04,0.78,0.01,0.51,0.01,0.11,0.07,0.01,0.76,0.86,0.06,0.04,0.00,0.10,0.33,0.11,0.37,0.93,0.19,0.06,0.04,0.03,0.04,0.00,0.15,0.00,1.39,0.24,0.08,0.01,0.01,0.24,0.01,0.39,2.73,0.08,0.10,0.00,,
4/1/2018,123.26,146.40,94.31,76.40,99.28,64.76,3.70,23153,2.76,6930,124.59,155.60,60.93,153.29,158.90,127.32,0.45,0.04,1.30,0.55,0.06,0.43,0.58,0.43,0.01,0.05,0.17,0.04,0.16,0.14,0.00,1.11,0.01,0.55,0.01,0.11,0.02,0.00,1.02,1.66,0.17,0.00,0.01,0.15,0.64,0.06,0.33,0.92,0.12,0.03,0.03,0.00,0.02,0.02,0.03,0.02,1.77,0.44,0.05,0.02,0.01,0.39,0.05,0.21,3.36,0.11,0.01,0.02,0.01,0.04,0.14,0.06,0.04,0.04,0.01,0.68,0.01,0.39,0.00,0.13,0.01,0.01,0.79,0.78,0.03,0.00,0.03,0.13,0.65,0.01,0.19,0.72,0.22,0.07,0.09,0.00,0.04,0.04,0.01,0.00,1.28,0.30,0.06,0.00,0.01,0.45,0.01,0.20,2.76,0.13,0.04,0.03,,
5/1/2018,125.67,172.22,63.22,83.75,132.52,44.98,3.77,23798,3.02,7017,129.62,165.21,59.28,141.68,162.02,119.25,0.26,0.04,1.82,1.25,0.10,0.30,0.27,0.40,0.10,0.15,0.36,0.05,0.26,0.11,0.02,1.52,0.03,0.92,0.06,0.13,0.10,0.02,0.98,1.37,0.08,0.02,0.05,0.29,0.97,0.17,0.57,1.32,0.11,0.07,0.11,0.01,0.02,0.07,0.05,0.00,1.26,0.51,0.03,0.01,0.00,0.21,0.05,0.13,3.32,0.17,0.03,0.07,0.01,0.06,0.24,0.04,0.13,0.06,0.00,1.40,0.01,0.68,0.10,0.11,0.03,0.00,0.95,0.94,0.06,0.04,0.06,0.19,0.88,0.13,0.44,1.23,0.19,0.09,0.07,0.01,0.01,0.10,0.06,0.00,0.98,0.33,0.01,0.01,0.00,0.20,0.04,0.10,2.99,0.11,0.09,0.00,,
6/1/2018,103.97,137.02,56.64,77.22,113.83,49.06,3.12,24211,2.79,7036,113.70,148.78,61.68,157.77,148.19,121.88,0.51,0.10,1.29,0.77,0.06,0.51,0.24,0.30,0.05,0.09,0.29,0.11,0.57,0.09,0.00,1.17,0.03,0.56,0.03,0.07,0.13,0.06,0.66,1.06,0.07,0.04,0.08,0.16,0.23,0.25,0.55,0.95,0.29,0.07,0.07,0.05,0.02,0.07,0.03,0.03,0.89,0.27,0.05,0.03,0.00,0.19,0.07,0.14,2.62,0.10,0.03,0.09,0.00,0.01,0.23,0.01,0.47,0.04,0.01,0.84,0.01,0.44,0.04,0.11,0.03,0.10,0.53,0.55,0.01,0.09,0.01,0.13,0.24,0.16,0.48,1.22,0.27,0.04,0.03,0.03,0.06,0.03,0.07,0.03,0.90,0.18,0.07,0.03,0.00,0.13,0.03,0.31,2.77,0.01,0.11,0.04,,
7/1/2018,110.03,129.10,84.41,68.62,88.44,54.57,3.30,23423,2.48,6868,106.62,144.79,66.05,166.81,141.41,122.30,0.31,0.00,0.95,0.67,0.10,0.48,0.39,0.29,0.07,0.11,0.58,0.06,0.39,0.09,0.01,1.02,0.03,0.67,0.07,0.07,0.06,0.50,0.51,1.11,0.03,0.06,0.03,0.18,0.34,0.15,0.38,0.67,0.11,0.02,0.05,0.04,0.01,0.00,0.10,0.01,1.14,0.20,0.08,0.04,0.01,0.24,0.00,0.27,2.69,0.06,0.05,0.04,0.01,0.03,0.42,0.03,0.26,0.00,0.01,0.58,0.00,0.42,0.04,0.09,0.01,0.57,0.31,0.44,0.01,0.07,0.04,0.16,0.39,0.07,0.29,0.70,0.16,0.04,0.04,0.07,0.00,0.01,0.07,0.00,1.00,0.20,0.09,0.04,0.04,0.20,0.01,0.32,2.48,0.01,0.17,0.03,,
8/1/2018,112.74,145.11,68.58,74.01,98.91,55.04,3.38,22327,2.67,6630,112.84,143.22,57.88,149.38,151.39,120.19,0.29,0.03,1.28,0.56,0.15,0.44,0.47,0.27,0.14,0.10,0.15,0.08,0.28,0.06,0.04,0.96,0.05,0.45,0.03,0.12,0.08,0.15,0.34,1.17,0.09,0.00,0.04,0.15,0.30,0.17,0.28,0.69,0.15,0.04,0.10,0.01,0.01,0.04,0.02,0.02,1.16,0.37,0.02,0.04,0.00,0.63,0.02,0.13,2.81,0.07,0.03,0.24,0.08,0.08,0.08,0.05,0.15,0.09,0.05,0.66,0.08,0.29,0.03,0.15,0.08,0.23,0.32,0.57,0.05,0.00,0.08,0.18,0.35,0.09,0.26,0.75,0.11,0.09,0.05,0.02,0.03,0.09,0.05,0.02,1.03,0.32,0.02,0.08,0.00,0.35,0.00,0.17,2.67,0.11,0.11,0.05,,
9/1/2018,75.05,88.62,51.16,51.75,64.29,42.44,2.25,23810,1.87,6856,84.10,115.81,45.67,130.51,108.02,97.47,0.35,0.00,0.80,0.34,0.01,0.31,0.32,0.32,0.05,0.04,0.08,0.04,0.26,0.02,0.04,0.77,0.08,0.24,0.04,0.06,0.05,0.01,0.33,0.68,0.06,0.04,0.01,0.16,0.16,0.15,0.16,0.39,0.08,0.02,0.07,0.03,0.05,0.02,0.03,0.01,0.82,0.12,0.01,0.03,0.00,0.29,0.05,0.13,1.82,0.13,0.01,0.02,0.03,0.03,0.06,0.03,0.10,0.00,0.00,0.57,0.00,0.18,0.03,0.12,0.04,0.01,0.32,0.38,0.04,0.00,0.00,0.12,0.25,0.07,0.16,0.53,0.07,0.03,0.06,0.03,0.00,0.03,0.03,0.00,0.88,0.18,0.00,0.01,0.00,0.38,0.10,0.12,1.87,0.10,0.03,0.00,,
10/1/2018,92.02,115.21,61.15,60.49,85.87,40.09,2.76,24276,2.18,7011,100.95,126.96,48.81,141.32,119.07,89.36,0.19,0.07,1.17,0.36,0.06,0.33,0.21,0.27,0.07,0.07,0.19,0.06,0.24,0.04,0.02,1.04,0.01,0.49,0.05,0.13,0.08,0.10,0.54,0.85,0.09,0.02,0.05,0.21,0.30,0.22,0.32,0.42,0.19,0.03,0.11,0.07,0.00,0.06,0.07,0.02,1.01,0.66,0.11,0.06,0.02,0.54,0.12,0.12,2.39,0.07,0.01,0.03,0.04,0.09,0.13,0.03,0.20,0.00,0.03,0.71,0.03,0.39,0.01,0.20,0.01,0.04,0.53,0.46,0.04,0.01,0.06,0.14,0.44,0.06,0.17,0.30,0.24,0.03,0.03,0.04,0.01,0.07,0.04,0.00,0.76,0.60,0.06,0.01,0.00,0.60,0.06,0.09,2.15,0.06,0.03,0.00,,
11/1/2018,80.41,105.17,47.40,52.75,76.52,33.67,2.41,23593,1.90,6884,94.85,126.42,54.95,142.08,117.49,94.34,0.20,0.01,1.22,0.31,0.06,0.29,0.31,0.12,0.26,0.08,0.19,0.04,0.17,0.06,0.03,0.67,0.01,0.36,0.04,0.17,0.07,0.05,0.53,0.93,0.07,0.06,0.01,0.18,0.24,0.22,0.21,0.35,0.14,0.01,0.06,0.04,0.01,0.03,0.13,0.00,0.83,0.65,0.09,0.00,0.03,0.50,0.05,0.31,1.95,0.06,0.02,0.02,0.25,0.03,0.07,0.07,0.12,0.00,0.01,0.55,0.03,0.23,0.04,0.13,0.04,0.06,0.25,0.29,0.04,0.01,0.01,0.19,0.31,0.07,0.17,0.44,0.19,0.01,0.01,0.01,0.01,0.04,0.07,0.00,0.73,0.67,0.06,0.00,0.00,0.46,0.03,0.17,1.87,0.09,0.06,0.00,,
12/1/2018,90.61,106.06,66.24,63.82,87.20,40.38,2.72,21305,2.30,6472,95.55,126.55,58.21,145.57,121.96,104.75,0.26,0.02,1.21,0.31,0.15,0.29,0.20,0.36,0.14,0.17,0.27,0.01,0.45,0.07,0.01,0.82,0.01,0.38,0.08,0.06,0.03,0.04,0.38,1.06,0.17,0.02,0.00,0.08,0.28,0.07,0.23,0.37,0.16,0.00,0.07,0.05,0.01,0.01,0.08,0.02,0.93,0.37,0.14,0.01,0.01,0.50,0.05,0.29,2.23,0.03,0.01,0.02,0.12,0.08,0.17,0.03,0.22,0.05,0.02,0.54,0.03,0.22,0.05,0.11,0.02,0.05,0.39,0.45,0.06,0.02,0.02,0.03,0.49,0.08,0.05,0.37,0.22,0.02,0.05,0.06,0.03,0.02,0.05,0.00,0.85,0.48,0.14,0.00,0.02,0.56,0.03,0.12,2.30,0.03,0.05,0.02,,
1/1/2019,87.42,112.98,55.73,66.39,96.95,42.29,2.62,23530,2.40,6764,93.77,128.24,57.78,153.80,127.74,106.34,0.25,0.06,1.27,0.47,0.18,0.33,0.33,0.28,0.06,0.15,0.21,0.18,0.41,0.06,0.04,0.93,0.17,0.37,0.10,0.17,0.10,0.04,0.36,0.78,0.07,0.04,0.04,0.09,0.24,0.10,0.16,0.46,0.18,0.02,0.11,0.06,0.08,0.03,0.14,0.00,1.00,0.31,0.03,0.04,0.00,0.41,0.03,0.12,2.25,0.33,0.05,0.04,0.07,0.09,0.13,0.21,0.28,0.06,0.03,0.87,0.15,0.28,0.01,0.16,0.07,0.04,0.46,0.34,0.07,0.00,0.03,0.06,0.28,0.04,0.13,0.49,0.24,0.01,0.07,0.04,0.09,0.06,0.09,0.00,0.98,0.22,0.03,0.03,0.01,0.37,0.03,0.07,2.37,0.34,0.18,0.06,,
2/1/2019,96.80,127.86,57.51,75.31,110.84,43.58,2.90,21182,2.72,6110,107.11,135.58,57.54,143.40,130.78,110.55,0.38,0.15,1.36,0.75,0.08,0.31,0.18,0.41,0.04,0.07,0.33,0.21,0.29,0.02,0.05,1.07,0.34,0.58,0.07,0.03,0.18,0.03,0.62,1.02,0.04,0.06,0.02,0.36,0.24,0.18,0.14,0.51,0.24,0.00,0.15,0.04,0.13,0.02,0.23,0.03,1.06,0.27,0.04,0.03,0.00,0.30,0.01,0.09,2.43,0.52,0.11,0.01,0.05,0.03,0.15,0.23,0.23,0.00,0.03,1.00,0.39,0.34,0.07,0.10,0.13,0.03,0.57,0.61,0.05,0.03,0.00,0.28,0.28,0.07,0.20,0.65,0.34,0.02,0.07,0.08,0.08,0.05,0.20,0.03,1.10,0.38,0.10,0.05,0.00,0.26,0.02,0.02,2.72,0.51,0.38,0.03,,
3/1/2019,82.33,90.79,66.64,63.71,79.25,50.61,2.47,23974,2.30,6918,103.56,120.67,55.13,133.44,138.51,95.94,0.17,0.04,1.10,0.38,0.17,0.29,0.19,0.64,0.04,0.19,0.18,0.11,0.13,0.03,0.03,0.77,0.12,0.31,0.03,0.05,0.06,0.01,0.33,0.71,0.04,0.03,0.03,0.31,0.15,0.13,0.10,0.55,0.08,0.03,0.11,0.05,0.02,0.06,0.05,0.02,0.56,0.24,0.04,0.01,0.01,0.26,0.05,0.05,1.88,0.19,0.10,0.02,0.03,0.13,0.10,0.12,0.10,0.01,0.07,0.58,0.19,0.13,0.03,0.04,0.10,0.00,0.39,0.36,0.04,0.06,0.00,0.32,0.17,0.12,0.09,0.46,0.06,0.04,0.07,0.07,0.03,0.09,0.06,0.04,0.55,0.25,0.03,0.01,0.03,0.25,0.01,0.06,2.30,0.35,0.35,0.03,,
4/1/2019,79.25,95.46,57.52,60.06,78.46,43.95,2.38,22338,2.17,6508,98.56,120.03,55.95,129.88,142.75,94.85,0.22,0.03,1.11,0.17,0.17,0.25,0.14,0.57,0.03,0.12,0.08,0.03,0.17,0.02,0.01,0.56,0.04,0.26,0.03,0.29,0.08,0.01,0.51,0.81,0.04,0.01,0.04,0.35,0.24,0.21,0.28,0.41,0.13,0.01,0.05,0.03,0.02,0.04,0.02,0.03,0.81,0.33,0.07,0.01,0.05,0.26,0.04,0.15,1.94,0.19,0.06,0.03,0.03,0.06,0.05,0.06,0.08,0.05,0.03,0.41,0.11,0.17,0.02,0.31,0.09,0.03,0.48,0.28,0.03,0.00,0.08,0.37,0.26,0.09,0.28,0.46,0.23,0.02,0.00,0.03,0.06,0.06,0.05,0.00,0.88,0.40,0.08,0.02,0.08,0.26,0.09,0.15,2.17,0.18,0.20,0.06,,
5/1/2019,106.47,134.97,64.66,76.12,113.90,44.16,3.19,23266,2.75,6701,109.28,143.18,64.18,172.80,147.85,116.10,0.60,0.00,1.57,0.48,0.12,0.22,0.27,0.42,0.08,0.16,0.18,0.11,0.28,0.06,0.03,1.17,0.09,0.55,0.01,0.14,0.12,0.07,0.51,1.31,0.15,0.04,0.16,0.26,0.30,0.09,0.45,0.55,0.10,0.06,0.07,0.12,0.05,0.07,0.03,0.02,0.97,0.58,0.04,0.06,0.01,0.32,0.06,0.09,2.78,0.41,0.08,0.02,0.03,0.22,0.19,0.04,0.27,0.04,0.01,0.84,0.10,0.36,0.00,0.18,0.16,0.15,0.51,0.64,0.10,0.00,0.15,0.31,0.40,0.15,0.40,0.70,0.13,0.10,0.15,0.22,0.07,0.07,0.07,0.01,1.06,0.54,0.07,0.07,0.04,0.22,0.01,0.09,2.75,0.52,0.28,0.06,,
6/1/2019,106.59,142.65,53.42,73.26,119.32,34.26,3.20,23178,2.64,6622,113.84,149.11,63.64,162.91,146.67,116.16,0.54,0.09,1.69,0.74,0.08,0.39,0.15,0.20,0.01,0.11,0.19,0.03,0.28,0.06,0.03,1.29,0.01,0.63,0.03,0.09,0.07,0.02,0.54,0.99,0.16,0.04,0.04,0.21,0.38,0.16,0.79,0.42,0.35,0.08,0.08,0.25,0.02,0.07,0.04,0.03,0.90,0.71,0.08,0.06,0.00,0.28,0.09,0.11,2.87,0.15,0.04,0.05,0.02,0.09,0.12,0.02,0.24,0.08,0.03,0.95,0.00,0.51,0.00,0.12,0.05,0.02,0.60,0.56,0.09,0.02,0.00,0.20,0.44,0.09,0.69,0.68,0.38,0.00,0.05,0.26,0.02,0.02,0.00,0.00,0.97,0.77,0.08,0.00,0.00,0.32,0.05,0.11,2.63,0.09,0.15,0.02,,
7/1/2019,93.52,126.93,47.42,70.44,118.77,29.58,2.81,22602,2.54,6336,101.92,128.26,57.84,154.11,125.60,103.34,0.33,0.05,1.77,0.74,0.09,0.24,0.24,0.21,0.00,0.15,0.19,0.03,0.20,0.04,0.00,0.76,0.06,0.52,0.01,0.16,0.10,0.02,0.58,1.23,0.11,0.01,0.03,0.17,0.18,0.10,0.33,0.36,0.10,0.02,0.04,0.08,0.00,0.04,0.02,0.01,0.80,0.33,0.06,0.04,0.00,0.34,0.06,0.09,2.38,0.11,0.08,0.03,0.02,0.08,0.16,0.02,0.09,0.02,0.00,0.66,0.05,0.46,0.00,0.19,0.11,0.03,0.57,0.80,0.14,0.00,0.03,0.27,0.28,0.14,0.41,0.54,0.11,0.02,0.05,0.05,0.00,0.03,0.05,0.02,0.87,0.57,0.03,0.02,0.02,0.39,0.03,0.14,2.54,0.08,0.27,0.02,,
8/1/2019,103.40,124.73,70.10,94.96,127.15,65.90,3.10,22602,3.43,6510,129.53,146.84,69.92,174.49,167.65,116.23,0.43,0.03,1.44,0.66,0.40,0.55,0.37,0.55,0.07,0.19,0.15,0.13,0.23,0.03,0.01,1.22,0.01,0.58,0.03,0.06,0.06,0.04,0.50,1.15,0.41,0.02,0.01,0.35,0.28,0.16,0.43,0.48,0.13,0.00,0.03,0.14,0.02,0.05,0.07,0.03,0.84,0.25,0.05,0.11,0.00,0.15,0.08,0.15,2.75,0.14,0.03,0.04,0.05,0.15,0.17,0.26,0.22,0.00,0.03,1.14,0.05,0.52,0.02,0.18,0.11,0.08,0.75,0.98,0.41,0.06,0.02,0.52,0.48,0.18,0.60,0.68,0.28,0.00,0.06,0.25,0.02,0.09,0.09,0.08,0.95,0.25,0.09,0.08,0.00,0.28,0.12,0.15,3.38,0.14,0.09,0.06,,
9/1/2019,90.37,110.87,67.81,70.83,94.96,56.16,2.71,22579,2.56,6849,95.55,117.54,61.99,154.61,136.11,108.58,0.34,0.03,1.36,0.34,0.18,0.44,0.42,0.41,0.03,0.11,0.10,0.04,0.16,0.06,0.03,0.73,0.06,0.41,0.04,0.11,0.06,0.06,0.58,0.96,0.13,0.02,0.01,0.16,0.33,0.13,0.24,0.33,0.07,0.02,0.09,0.08,0.01,0.01,0.11,0.00,0.58,0.90,0.08,0.00,0.00,0.22,0.04,0.19,2.33,0.14,0.06,0.03,0.00,0.12,0.04,0.03,0.10,0.10,0.01,0.50,0.06,0.32,0.01,0.15,0.04,0.00,0.51,0.58,0.12,0.00,0.00,0.20,0.35,0.06,0.25,0.38,0.12,0.04,0.09,0.04,0.00,0.01,0.04,0.00,0.67,0.77,0.04,0.00,0.00,0.31,0.03,0.23,2.41,0.15,0.19,0.03,,
10/1/2019,97.84,121.31,69.97,72.87,106.54,55.96,2.93,23786,2.63,6962,111.18,130.03,68.99,164.86,142.30,107.82,0.34,0.01,1.48,0.22,0.17,0.43,0.53,0.30,0.05,0.09,0.19,0.13,0.09,0.08,0.05,0.67,0.00,0.36,0.01,0.07,0.08,0.03,0.53,1.10,0.13,0.02,0.04,0.17,0.17,0.08,0.27,0.24,0.09,0.00,0.05,0.08,0.03,0.04,0.03,0.00,1.07,0.42,0.07,0.00,0.00,1.18,0.04,0.22,2.47,0.10,0.03,0.03,0.01,0.13,0.13,0.01,0.11,0.00,0.00,0.52,0.01,0.29,0.01,0.03,0.09,0.01,0.60,0.50,0.10,0.00,0.03,0.20,0.27,0.06,0.22,0.32,0.10,0.01,0.03,0.04,0.10,0.07,0.04,0.01,1.18,0.29,0.10,0.00,0.00,1.19,0.04,0.34,2.60,0.10,0.10,0.03,,
11/1/2019,73.08,84.59,53.03,64.53,86.43,43.05,2.19,22720,2.33,6530,94.26,109.10,62.86,144.02,105.95,75.73,0.25,0.03,1.15,0.28,0.17,0.25,0.29,0.38,0.02,0.11,0.07,0.09,0.18,0.07,0.04,0.60,0.01,0.31,0.07,0.10,0.10,0.00,0.34,0.81,0.30,0.06,0.00,0.08,0.18,0.07,0.18,0.17,0.18,0.00,0.06,0.05,0.02,0.02,0.06,0.00,0.47,0.11,0.07,0.02,0.01,0.27,0.05,0.15,1.74,0.08,0.04,0.03,0.05,0.11,0.08,0.14,0.09,0.03,0.12,0.44,0.02,0.25,0.11,0.12,0.06,0.00,0.44,0.51,0.21,0.02,0.00,0.08,0.25,0.05,0.17,0.25,0.26,0.00,0.09,0.03,0.05,0.06,0.03,0.00,0.66,0.23,0.12,0.02,0.03,0.38,0.08,0.31,2.33,0.17,0.12,0.00,,
12/1/2019,74.28,80.11,63.33,50.65,64.90,41.53,2.23,20602,1.83,6294,98.94,116.25,52.00,119.31,131.09,96.64,0.25,0.02,0.83,0.33,0.11,0.21,0.25,0.41,0.02,0.11,0.12,0.10,0.16,0.04,0.02,0.60,0.02,0.27,0.01,0.18,0.05,0.01,0.43,0.81,0.10,0.02,0.01,0.09,0.18,0.10,0.16,0.27,0.08,0.03,0.09,0.03,0.02,0.01,0.05,0.00,0.58,0.30,0.07,0.04,0.02,0.30,0.02,0.18,1.72,0.04,0.05,0.01,0.05,0.08,0.02,0.06,0.08,0.02,0.00,0.56,0.03,0.24,0.00,0.10,0.02,0.03,0.40,0.41,0.14,0.03,0.00,0.11,0.24,0.05,0.17,0.35,0.11,0.08,0.06,0.02,0.02,0.03,0.02,0.02,0.59,0.27,0.06,0.08,0.00,0.24,0.05,0.17,1.83,0.06,0.16,0.00,,
1/1/2020,138.42,190.84,81.65,104.52,163.83,70.50,4.15,22665,3.77,6365,148.33,188.44,70.65,165.50,207.19,161.66,1.05,0.02,2.17,0.50,0.24,0.60,0.50,0.46,0.02,0.19,0.30,0.05,0.38,0.12,0.02,1.26,0.04,1.02,0.00,0.28,0.05,0.04,1.04,1.69,0.17,0.02,0.04,0.18,0.43,0.23,0.30,0.39,0.06,0.04,0.17,0.04,0.03,0.04,0.08,0.02,1.18,0.80,0.10,0.03,0.00,0.53,0.08,0.48,3.62,0.14,0.05,0.01,0.02,0.25,0.19,0.02,0.24,0.09,0.05,0.90,0.09,0.75,0.02,0.19,0.06,0.00,1.02,0.88,0.11,0.03,0.03,0.19,0.61,0.25,0.25,0.53,0.14,0.08,0.17,0.05,0.05,0.03,0.05,0.00,1.13,0.88,0.05,0.09,0.00,0.52,0.05,0.41,3.77,0.19,0.19,0.00,,
2/1/2020,75.96,87.16,56.69,62.86,91.85,36.46,2.28,22430,2.27,6086,102.32,125.58,58.16,135.83,99.81,78.03,0.18,0.00,1.33,0.15,0.18,0.28,0.33,0.28,0.02,0.08,0.11,0.03,0.20,0.10,0.00,0.87,0.06,0.49,0.04,0.15,0.11,0.03,0.41,0.82,0.13,0.02,0.03,0.21,0.11,0.22,0.26,0.20,0.04,0.04,0.06,0.10,0.01,0.06,0.03,0.00,0.66,0.18,0.06,0.04,0.00,0.46,0.06,0.14,1.52,0.11,0.02,0.05,0.00,0.16,0.08,0.02,0.20,0.10,0.02,1.04,0.03,0.44,0.02,0.20,0.13,0.02,0.48,0.43,0.18,0.05,0.03,0.23,0.16,0.30,0.43,0.30,0.05,0.08,0.10,0.05,0.02,0.10,0.08,0.00,0.76,0.23,0.05,0.08,0.02,0.41,0.08,0.23,2.27,0.16,0.08,0.02,,
3/1/2020,81.54,97.09,62.90,80.56,111.69,49.75,2.45,23388,2.91,6641,134.57,145.52,63.82,126.26,128.64,88.43,0.30,0.00,1.69,0.21,0.14,0.29,0.30,0.51,0.03,0.12,0.15,0.07,0.21,0.03,0.03,0.67,0.06,0.32,0.02,0.10,0.18,0.01,0.33,0.84,0.06,0.02,0.03,0.12,0.11,0.47,0.18,0.27,0.14,0.02,0.11,0.06,0.04,0.04,0.02,0.03,0.43,0.08,0.02,0.03,0.00,0.33,0.03,0.04,1.71,0.11,0.04,0.03,0.02,0.08,0.08,0.03,0.21,0.11,0.02,0.93,0.05,0.38,0.02,0.15,0.27,0.03,0.33,0.62,0.11,0.02,0.02,0.17,0.20,0.51,0.32,0.39,0.18,0.02,0.08,0.02,0.03,0.08,0.05,0.02,0.41,0.11,0.05,0.05,0.00,0.21,0.05,0.02,2.85,0.14,0.15,0.05,,
4/1/2020,69.34,81.76,47.59,67.54,102.49,35.82,2.08,21541,2.44,6608,121.28,110.99,64.13,112.42,102.24,71.60,0.30,0.05,1.42,0.14,0.17,0.18,0.29,0.30,0.02,0.07,0.06,0.09,0.11,0.07,0.00,0.60,0.05,0.26,0.04,0.06,0.14,0.03,0.32,0.61,0.06,0.02,0.05,0.12,0.06,0.18,0.11,0.12,0.13,0.01,0.06,0.04,0.02,0.06,0.06,0.01,0.35,0.13,0.02,0.02,0.00,0.06,0.06,0.08,1.53,0.05,0.03,0.04,0.05,0.11,0.03,0.18,0.05,0.02,0.00,0.92,0.06,0.17,0.08,0.09,0.23,0.03,0.36,0.33,0.09,0.02,0.06,0.20,0.11,0.23,0.18,0.18,0.09,0.03,0.02,0.06,0.05,0.03,0.08,0.00,0.44,0.17,0.03,0.02,0.00,0.12,0.06,0.09,2.41,0.12,0.09,0.00,,
5/1/2020,68.51,83.36,42.30,75.35,112.69,38.50,2.05,22192,2.72,6916,130.26,115.06,62.53,114.63,103.33,74.99,0.25,0.00,1.63,0.29,0.14,0.33,0.07,0.38,0.01,0.14,0.09,0.04,0.14,0.03,0.00,0.76,0.10,0.32,0.00,0.09,0.09,0.01,0.20,0.60,0.40,0.02,0.03,0.15,0.05,0.12,0.14,0.19,0.06,0.02,0.05,0.00,0.01,0.01,0.05,0.01,0.29,0.08,0.02,0.04,0.00,0.11,0.11,0.05,1.71,0.16,0.04,0.01,0.00,0.10,0.09,0.04,0.12,0.09,0.01,1.08,0.07,0.36,0.00,0.09,0.13,0.03,0.27,0.49,0.42,0.00,0.00,0.27,0.09,0.07,0.09,0.27,0.16,0.06,0.04,0.01,0.01,0.01,0.04,0.01,0.39,0.10,0.03,0.07,0.00,0.13,0.25,0.13,2.70,0.12,0.13,0.03,,
6/1/2020,71.23,85.87,49.76,64.86,101.93,33.94,2.14,21672,2.34,6539,141.96,124.99,60.49,123.44,109.28,81.04,0.15,0.00,1.64,0.18,0.14,0.28,0.17,0.26,0.01,0.11,0.08,0.08,0.14,0.03,0.00,0.77,0.00,0.27,0.01,0.12,0.04,0.02,0.25,0.66,0.28,0.03,0.02,0.32,0.16,0.07,0.15,0.27,0.09,0.04,0.05,0.06,0.01,0.05,0.03,0.02,0.49,0.06,0.03,0.03,0.01,0.12,0.12,0.08,1.65,0.07,0.04,0.08,0.03,0.08,0.06,0.08,0.15,0.00,0.00,0.69,0.00,0.20,0.00,0.05,0.06,0.02,0.31,0.52,0.28,0.03,0.03,0.34,0.11,0.06,0.11,0.26,0.11,0.06,0.08,0.02,0.03,0.08,0.06,0.05,0.57,0.09,0.03,0.00,0.02,0.14,0.08,0.15,2.34,0.11,0.14,0.00,,
7/1/2020,66.47,88.74,36.25,61.82,95.26,30.59,1.99,22219,2.23,6771,117.09,107.11,55.98,116.65,103.62,69.15,0.19,0.01,1.58,0.16,0.04,0.32,0.18,0.21,0.01,0.27,0.13,0.02,0.25,0.06,0.01,0.93,0.01,0.21,0.04,0.11,0.07,0.03,0.30,0.66,0.48,0.03,0.03,0.23,0.09,0.11,0.29,0.27,0.06,0.03,0.04,0.05,0.02,0.06,0.03,0.01,0.40,0.09,0.06,0.01,0.00,0.16,0.18,0.09,1.54,0.03,0.02,0.02,0.03,0.15,0.04,0.06,0.15,0.03,0.03,0.89,0.04,0.22,0.01,0.07,0.04,0.01,0.34,0.40,0.37,0.03,0.07,0.24,0.25,0.13,0.19,0.30,0.09,0.04,0.01,0.00,0.07,0.07,0.03,0.00,0.43,0.13,0.03,0.01,0.01,0.06,0.10,0.06,2.22,0.09,0.06,0.01,,
8/1/2020,65.47,90.01,28.45,55.43,89.05,21.13,1.96,22459,2.00,7002,118.16,113.31,51.56,102.41,102.52,77.54,0.14,0.01,1.40,0.17,0.06,0.19,0.09,0.16,0.00,0.08,0.15,0.05,0.10,0.03,0.00,0.66,0.01,0.44,0.00,0.09,0.09,0.02,0.45,0.58,0.27,0.04,0.03,0.10,0.17,0.10,0.21,0.17,0.09,0.02,0.08,0.01,0.01,0.02,0.16,0.00,0.51,0.13,0.02,0.07,0.01,0.16,0.08,0.14,1.46,0.06,0.00,0.03,0.00,0.11,0.07,0.07,0.09,0.03,0.00,0.56,0.04,0.43,0.00,0.11,0.10,0.04,0.47,0.57,0.20,0.03,0.03,0.16,0.26,0.09,0.24,0.19,0.17,0.04,0.03,0.00,0.01,0.03,0.09,0.00,0.71,0.21,0.03,0.03,0.01,0.13,0.01,0.24,1.99,0.16,0.01,0.04,,
9/1/2020,80.38,101.26,49.52,59.53,87.38,30.16,2.41,22316,2.15,6705,101.04,118.33,52.79,121.96,116.27,93.21,0.22,0.04,1.22,0.10,0.19,0.18,0.16,0.28,0.01,0.14,0.24,0.01,0.17,0.05,0.00,0.86,0.00,0.63,0.02,0.13,0.05,0.04,0.53,0.73,0.21,0.02,0.01,0.22,0.24,0.12,0.18,0.20,0.07,0.03,0.15,0.01,0.01,0.04,0.08,0.02,0.93,0.10,0.08,0.02,0.01,0.40,0.17,0.27,1.70,0.08,0.00,0.03,0.03,0.19,0.16,0.04,0.21,0.03,0.00,0.69,0.01,0.52,0.01,0.12,0.07,0.01,0.70,0.48,0.13,0.00,0.03,0.10,0.24,0.15,0.19,0.21,0.12,0.03,0.12,0.03,0.03,0.03,0.01,0.03,0.88,0.15,0.09,0.03,0.00,0.28,0.09,0.22,2.15,0.15,0.01,0.03,,
10/1/2020,76.08,97.65,42.68,54.34,81.86,27.82,2.28,23707,1.96,7091,116.68,126.02,56.89,121.47,116.35,84.86,0.13,0.03,1.13,0.14,0.16,0.21,0.13,0.25,0.04,0.07,0.17,0.03,0.18,0.00,0.02,0.65,0.02,0.40,0.03,0.09,0.07,0.06,0.57,0.66,0.16,0.03,0.00,0.12,0.20,0.12,0.11,0.13,0.09,0.01,0.05,0.03,0.00,0.01,0.09,0.00,0.85,0.11,0.12,0.01,0.01,0.53,0.11,0.08,1.66,0.03,0.01,0.00,0.06,0.04,0.04,0.04,0.06,0.00,0.00,0.27,0.01,0.27,0.03,0.10,0.04,0.06,0.39,0.21,0.03,0.03,0.00,0.11,0.25,0.10,0.07,0.11,0.07,0.01,0.03,0.03,0.00,0.01,0.03,0.00,0.55,0.11,0.01,0.01,0.00,0.32,0.03,0.10,1.96,0.06,0.03,0.00,,
11/1/2020,70.07,79.04,62.31,50.45,69.75,38.99,2.10,21793,1.82,6704,103.85,114.44,50.69,111.25,110.96,88.22,0.28,0.01,0.84,0.25,0.15,0.36,0.19,0.25,0.01,0.09,0.16,0.04,0.12,0.05,0.00,0.42,0.02,0.33,0.04,0.09,0.10,0.01,0.50,0.64,0.10,0.05,0.00,0.18,0.28,0.12,0.11,0.14,0.09,0.01,0.07,0.04,0.01,0.03,0.06,0.01,0.45,0.14,0.03,0.01,0.06,0.19,0.07,0.12,1.31,0.06,0.02,0.08,0.01,0.06,0.09,0.04,0.04,0.01,0.00,0.40,0.00,0.19,0.04,0.13,0.09,0.04,0.40,0.22,0.10,0.00,0.00,0.18,0.27,0.06,0.09,0.16,0.16,0.01,0.03,0.03,0.03,0.04,0.06,0.01,0.51,0.07,0.00,0.01,0.01,0.16,0.07,0.18,1.82,0.03,0.06,0.10,,
12/1/2020,64.07,86.82,31.74,56.60,88.96,25.17,1.92,21180,2.04,6465,106.13,106.05,50.86,105.22,117.57,74.78,0.25,0.03,1.21,0.28,0.15,0.20,0.11,0.28,0.01,0.10,0.20,0.03,0.13,0.00,0.00,0.59,0.03,0.40,0.03,0.11,0.09,0.01,0.51,0.44,0.18,0.01,0.02,0.12,0.32,0.08,0.09,0.19,0.02,0.01,0.05,0.04,0.01,0.03,0.03,0.01,0.58,0.22,0.06,0.00,0.02,0.22,0.06,0.04,1.44,0.09,0.00,0.04,0.03,0.08,0.19,0.08,0.09,0.00,0.02,0.48,0.03,0.46,0.05,0.11,0.15,0.00,0.63,0.43,0.14,0.03,0.00,0.19,0.39,0.17,0.08,0.23,0.03,0.02,0.06,0.02,0.05,0.05,0.06,0.03,0.70,0.26,0.05,0.00,0.02,0.23,0.03,0.09,2.03,0.17,0.02,0.06,,
1/1/2021,77.42,98.48,48.29,61.64,85.59,41.74,2.32,22609,2.22,6971,131.10,121.17,66.76,119.13,121.15,85.96,0.16,0.03,1.13,0.39,0.13,0.26,0.14,0.49,0.01,0.10,0.10,0.10,0.12,0.03,0.02,0.77,0.04,0.29,0.04,0.13,0.05,0.00,0.29,0.56,0.31,0.02,0.01,0.12,0.17,0.05,0.12,0.28,0.07,0.00,0.02,0.01,0.03,0.02,0.10,0.00,0.59,0.20,0.01,0.00,0.03,0.15,0.23,0.15,1.90,0.09,0.04,0.05,0.01,0.04,0.04,0.09,0.04,0.00,0.00,0.52,0.03,0.26,0.01,0.14,0.01,0.00,0.40,0.34,0.06,0.01,0.03,0.10,0.19,0.06,0.14,0.27,0.10,0.00,0.01,0.03,0.00,0.04,0.04,0.00,0.36,0.29,0.00,0.00,0.03,0.14,0.10,0.10,2.22,0.07,0.01,0.00,,
2/1/2021,73.96,94.48,46.33,52.29,81.29,29.67,2.22,20692,1.89,6149,115.10,124.20,49.27,111.25,142.10,102.68,0.24,0.00,1.04,0.23,0.21,0.18,0.18,0.28,0.00,0.12,0.18,0.03,0.15,0.01,0.00,0.72,0.00,0.40,0.03,0.05,0.03,0.02,0.44,0.71,0.14,0.02,0.06,0.14,0.14,0.13,0.21,0.18,0.08,0.04,0.07,0.10,0.00,0.03,0.05,0.00,0.51,0.20,0.05,0.14,0.00,0.14,0.07,0.06,1.58,0.02,0.07,0.04,0.00,0.07,0.18,0.02,0.05,0.03,0.00,0.55,0.00,0.39,0.02,0.07,0.07,0.05,0.46,0.36,0.10,0.00,0.03,0.08,0.16,0.11,0.13,0.21,0.11,0.02,0.03,0.08,0.00,0.02,0.08,0.02,0.50,0.20,0.03,0.05,0.00,0.13,0.05,0.10,1.87,0.07,0.05,0.05,,
3/1/2021,78.62,100.85,49.42,53.89,86.94,27.81,2.36,22900,1.94,6739,94.11,109.18,51.47,121.16,107.97,79.55,0.22,0.01,1.19,0.30,0.22,0.19,0.15,0.30,0.03,0.20,0.11,0.04,0.18,0.04,0.00,0.84,0.02,0.37,0.02,0.07,0.07,0.03,0.48,0.73,0.23,0.03,0.05,0.31,0.14,0.15,0.38,0.33,0.07,0.03,0.05,0.04,0.00,0.03,0.04,0.02,0.63,0.23,0.05,0.10,0.01,0.21,0.14,0.10,1.76,0.04,0.01,0.10,0.00,0.18,0.10,0.03,0.06,0.03,0.00,0.76,0.06,0.27,0.04,0.06,0.06,0.01,0.42,0.36,0.12,0.03,0.00,0.24,0.15,0.13,0.22,0.22,0.10,0.00,0.04,0.01,0.00,0.01,0.04,0.00,0.62,0.22,0.09,0.04,0.00,0.22,0.09,0.09,1.94,0.06,0.01,0.07,,
4/1/2021,88.17,109.59,67.87,59.98,86.60,40.86,2.64,21479,2.16,6517,105.28,119.60,50.46,114.06,139.56,107.08,0.23,0.02,1.44,0.38,0.14,0.31,0.21,0.37,0.02,0.14,0.23,0.06,0.18,0.02,0.01,0.74,0.01,0.47,0.05,0.05,0.06,0.07,0.57,0.80,0.13,0.03,0.04,0.18,0.23,0.10,0.27,0.19,0.05,0.07,0.03,0.04,0.00,0.05,0.08,0.03,1.20,0.08,0.07,0.04,0.01,0.20,0.20,0.72,1.98,0.03,0.10,0.07,0.00,0.08,0.14,0.05,0.08,0.05,0.02,0.58,0.00,0.52,0.03,0.02,0.05,0.00,0.68,0.57,0.00,0.02,0.03,0.12,0.31,0.09,0.08,0.20,0.06,0.06,0.02,0.00,0.02,0.09,0.03,0.05,0.95,0.06,0.02,0.05,0.02,0.29,0.09,0.43,2.13,0.00,0.09,0.09,,
5/1/2021,93.01,120.78,52.63,70.34,99.70,45.37,2.79,22010,2.54,6739,110.37,126.98,56.25,127.06,127.73,89.51,0.28,0.04,1.53,0.25,0.15,0.33,0.21,0.40,0.01,0.16,0.26,0.04,0.24,0.10,0.03,0.64,0.01,0.53,0.05,0.35,0.03,0.03,0.51,0.89,0.08,0.07,0.03,0.31,0.87,0.09,0.20,0.26,0.05,0.07,0.06,0.15,0.00,0.02,0.22,0.06,0.83,0.09,0.11,0.06,0.01,0.14,0.11,0.33,2.02,0.02,0.05,0.04,0.03,0.03,0.13,0.12,0.10,0.12,0.00,0.45,0.04,0.28,0.07,0.52,0.00,0.06,0.47,0.33,0.01,0.07,0.01,0.24,1.14,0.06,0.09,0.21,0.06,0.01,0.01,0.13,0.00,0.03,0.12,0.04,0.56,0.19,0.04,0.07,0.00,0.16,0.04,0.21,2.52,0.06,0.07,0.04,,
6/1/2021,74.13,92.55,46.35,59.44,83.06,37.32,2.22,21544,2.14,6342,96.37,108.30,57.30,124.08,114.22,80.69,0.19,0.02,1.23,0.24,0.08,0.24,0.27,0.32,0.00,0.15,0.36,0.04,0.18,0.08,0.00,0.73,0.01,0.39,0.02,0.13,0.09,0.07,0.49,0.73,0.14,0.02,0.01,0.19,0.20,0.12,0.16,0.20,0.04,0.01,0.09,0.03,0.02,0.01,0.12,0.02,0.83,0.10,0.02,0.04,0.01,0.19,0.15,0.29,1.70,0.02,0.03,0.05,0.00,0.02,0.24,0.05,0.09,0.08,0.00,0.55,0.02,0.41,0.00,0.11,0.06,0.05,0.41,0.50,0.11,0.02,0.02,0.09,0.28,0.14,0.08,0.22,0.05,0.02,0.03,0.03,0.06,0.05,0.05,0.00,0.85,0.14,0.00,0.06,0.02,0.27,0.05,0.32,2.13,0.03,0.03,0.00,,
7/1/2021,58.42,64.04,50.72,46.88,55.36,42.45,1.75,22314,1.69,6505,90.19,102.72,48.74,110.30,108.36,76.58,0.22,0.00,0.74,0.08,0.12,0.25,0.28,0.43,0.02,0.07,0.11,0.01,0.13,0.04,0.00,0.52,0.02,0.22,0.03,0.06,0.02,0.01,0.21,0.54,0.09,0.00,0.00,0.17,0.17,0.11,0.14,0.18,0.05,0.01,0.08,0.04,0.01,0.04,0.06,0.00,0.49,0.06,0.01,0.01,0.03,0.13,0.12,0.14,1.25,0.04,0.05,0.04,0.02,0.02,0.05,0.03,0.08,0.02,0.00,0.46,0.05,0.12,0.03,0.06,0.05,0.00,0.26,0.22,0.08,0.00,0.00,0.15,0.14,0.08,0.08,0.15,0.11,0.02,0.00,0.05,0.03,0.02,0.03,0.00,0.51,0.08,0.03,0.03,0.00,0.25,0.05,0.06,1.68,0.06,0.08,0.05,,
8/1/2021,89.49,103.20,76.48,59.06,79.16,51.76,2.68,20715,2.13,6383,119.01,140.82,58.40,130.83,163.86,129.54,0.20,0.00,0.78,0.19,0.45,0.20,0.31,0.61,0.02,0.06,0.15,0.02,0.17,0.05,0.00,0.59,0.03,0.44,0.07,0.12,0.08,0.01,0.36,0.96,0.06,0.06,0.03,0.14,0.28,0.09,0.14,0.19,0.06,0.00,0.07,0.09,0.04,0.00,0.13,0.00,0.69,0.06,0.08,0.00,0.02,0.25,0.12,0.13,2.15,0.07,0.21,0.03,0.00,0.03,0.08,0.06,0.11,0.02,0.00,0.49,0.02,0.34,0.03,0.03,0.02,0.00,0.41,0.44,0.05,0.08,0.03,0.08,0.23,0.11,0.05,0.19,0.06,0.00,0.03,0.05,0.03,0.02,0.06,0.00,0.55,0.03,0.08,0.00,0.06,0.33,0.03,0.05,2.13,0.06,0.19,0.03,,
9/1/2021,80.70,92.05,67.94,64.57,89.31,49.01,2.42,21360,2.33,6440,139.00,142.92,62.52,127.38,199.74,130.50,0.20,0.09,1.18,0.30,0.22,0.37,0.20,0.53,0.00,0.45,0.12,0.09,0.21,0.01,0.01,0.84,0.02,0.23,0.03,0.07,0.08,0.02,0.64,1.03,0.15,0.07,0.02,0.43,0.14,0.06,0.39,0.27,0.08,0.02,0.07,0.06,0.00,0.02,0.08,0.00,0.60,0.10,0.03,0.03,0.01,0.13,0.20,0.07,1.92,0.04,0.09,0.02,0.00,0.39,0.11,0.09,0.16,0.00,0.03,0.68,0.00,0.33,0.00,0.05,0.08,0.02,0.59,0.54,0.14,0.02,0.05,0.30,0.22,0.08,0.33,0.33,0.11,0.05,0.02,0.00,0.00,0.00,0.06,0.00,0.47,0.08,0.00,0.02,0.02,0.12,0.19,0.08,2.33,0.02,0.12,0.03,,
10/1/2021,79.03,93.81,61.15,53.48,72.59,38.06,2.37,22317,1.93,6738,97.98,109.37,51.02,118.16,97.86,72.44,0.24,0.00,0.89,0.33,0.10,0.25,0.31,0.27,0.02,0.22,0.23,0.01,0.15,0.09,0.00,0.76,0.02,0.30,0.03,0.11,0.09,0.01,0.42,0.70,0.09,0.04,0.01,0.26,0.16,0.06,0.20,0.20,0.05,0.01,0.08,0.09,0.01,0.04,0.13,0.00,0.55,0.10,0.05,0.01,0.00,0.25,0.31,0.11,1.64,0.03,0.03,0.04,0.04,0.16,0.10,0.03,0.10,0.07,0.00,0.58,0.04,0.22,0.04,0.09,0.04,0.04,0.31,0.45,0.04,0.00,0.01,0.22,0.16,0.13,0.16,0.27,0.16,0.00,0.04,0.06,0.04,0.03,0.03,0.00,0.59,0.07,0.01,0.03,0.01,0.15,0.13,0.13,1.93,0.06,0.04,0.01,,
11/1/2021,86.57,121.50,39.74,52.68,84.68,22.43,2.60,21105,1.90,6157,95.75,126.50,49.20,121.62,113.95,94.06,0.36,0.00,1.27,0.26,0.06,0.13,0.16,0.18,0.02,0.26,0.39,0.01,0.18,0.05,0.01,0.80,0.01,0.72,0.02,0.08,0.04,0.01,0.63,1.00,0.15,0.05,0.00,0.16,0.24,0.21,0.16,0.17,0.07,0.02,0.13,0.06,0.02,0.02,0.58,0.00,1.21,0.13,0.03,0.03,0.00,0.36,0.23,0.57,1.86,0.05,0.02,0.09,0.00,0.13,0.19,0.02,0.06,0.05,0.03,0.50,0.03,0.49,0.03,0.11,0.03,0.03,0.31,0.39,0.03,0.08,0.02,0.06,0.23,0.11,0.08,0.11,0.13,0.03,0.08,0.03,0.05,0.03,0.41,0.00,0.73,0.13,0.03,0.05,0.00,0.34,0.08,0.32,1.90,0.08,0.03,0.06,,
12/1/2021,105.35,155.31,47.65,69.36,116.38,39.55,3.16,20255,2.50,6235,113.97,133.23,55.76,118.47,149.00,125.00,0.42,0.05,1.83,0.30,0.05,0.26,0.29,0.26,0.00,0.13,0.45,0.01,0.21,0.02,0.00,0.86,0.01,0.86,0.05,0.05,0.03,0.04,0.69,1.18,0.17,0.06,0.01,0.15,0.27,0.32,0.24,0.16,0.06,0.02,0.11,0.12,0.01,0.02,0.26,0.00,1.72,0.15,0.15,0.08,0.00,0.16,0.34,1.50,2.48,0.05,0.03,0.06,0.00,0.11,0.19,0.02,0.24,0.03,0.00,0.63,0.03,0.55,0.08,0.03,0.10,0.03,0.64,0.75,0.13,0.05,0.05,0.13,0.30,0.19,0.26,0.14,0.08,0.03,0.21,0.08,0.00,0.05,0.24,0.00,1.25,0.06,0.24,0.03,0.02,0.13,0.14,1.03,2.50,0.03,0.02,0.10,,
1/1/2022,138.67,199.49,63.25,85.10,137.36,52.31,4.16,20628,3.07,6222,126.03,174.14,57.90,135.38,177.50,162.79,0.56,0.05,2.11,0.40,0.24,0.39,0.32,0.43,0.01,0.21,0.88,0.12,0.33,0.11,0.07,0.80,0.02,1.24,0.11,0.06,0.17,0.18,1.12,1.72,0.15,0.11,0.01,0.22,0.14,0.33,0.25,0.33,0.08,0.01,0.25,0.16,0.05,0.04,0.63,0.00,2.78,0.22,0.11,0.02,0.00,0.19,0.21,2.59,3.32,0.09,0.05,0.07,0.02,0.19,0.55,0.03,0.19,0.11,0.00,0.59,0.00,0.90,0.06,0.11,0.11,0.13,0.85,0.98,0.00,0.03,0.03,0.21,0.19,0.16,0.16,0.37,0.10,0.02,0.11,0.14,0.00,0.03,0.47,0.00,1.94,0.18,0.13,0.02,0.00,0.21,0.08,1.77,3.07,0.11,0.06,0.03,,
2/1/2022,216.16,320.61,105.22,120.52,201.07,67.16,6.48,19866,4.35,6095,197.95,270.10,65.80,173.39,305.37,287.50,0.84,0.13,3.17,0.48,0.20,0.75,0.43,0.31,0.04,0.36,0.82,0.19,0.77,0.10,0.04,1.50,0.01,2.57,0.15,0.09,0.14,0.36,1.76,2.90,0.19,0.37,0.06,0.17,0.16,0.49,0.60,0.32,0.05,0.05,0.25,0.24,0.01,0.03,1.22,0.07,5.40,0.18,0.24,0.03,0.01,0.31,0.26,5.01,4.88,0.04,0.08,0.06,0.02,0.44,0.53,0.13,0.66,0.07,0.03,1.25,0.03,1.77,0.05,0.08,0.07,0.20,1.41,1.38,0.11,0.23,0.02,0.16,0.21,0.48,0.62,0.43,0.03,0.03,0.20,0.08,0.03,0.02,0.82,0.02,3.41,0.28,0.15,0.02,0.02,0.33,0.16,3.22,4.33,0.10,0.08,0.02,,
3/1/2022,318.95,403.71,250.96,167.34,264.45,123.55,9.57,20770,6.04,6626,276.72,389.82,100.44,284.32,411.79,405.90,1.37,0.06,3.92,1.04,0.02,1.93,0.54,0.23,0.13,0.52,1.02,0.13,0.91,0.22,0.03,2.47,0.02,2.66,0.13,0.25,0.26,0.29,1.98,3.91,0.35,0.58,0.10,0.47,0.60,0.65,0.70,0.72,0.11,0.07,0.39,0.47,0.04,0.06,2.10,0.03,8.80,0.46,0.27,0.05,0.02,0.88,0.37,8.70,6.90,0.25,0.07,0.10,0.02,0.35,0.65,0.05,0.56,0.08,0.00,1.83,0.05,1.72,0.05,0.24,0.15,0.20,1.40,1.98,0.11,0.39,0.06,0.41,0.68,0.51,0.45,0.53,0.18,0.00,0.24,0.15,0.11,0.02,1.71,0.02,5.58,0.42,0.15,0.03,0.00,0.88,0.24,5.55,6.01,0.23,0.06,0.03,,
4/1/2022,191.14,221.91,184.42,127.24,172.53,115.55,5.73,17146,4.59,6231,190.62,205.86,91.69,172.32,267.95,228.43,0.85,0.02,2.46,0.56,0.05,1.67,0.67,0.29,0.06,0.33,0.64,0.09,0.41,0.08,0.04,1.13,0.03,1.67,0.08,0.12,0.22,0.21,0.92,2.40,0.12,0.29,0.05,0.41,0.31,0.38,0.27,0.30,0.15,0.02,0.22,0.13,0.05,0.01,1.12,0.03,4.83,0.13,0.27,0.02,0.02,0.43,0.12,4.90,3.97,0.05,0.09,0.08,0.03,0.35,0.64,0.18,0.27,0.06,0.05,1.08,0.03,1.44,0.03,0.14,0.26,0.14,0.88,1.41,0.10,0.18,0.08,0.35,0.32,0.30,0.27,0.37,0.18,0.03,0.26,0.10,0.13,0.02,1.12,0.06,3.88,0.21,0.19,0.00,0.03,0.48,0.18,3.93,4.53,0.08,0.16,0.05,,
5/1/2022,142.26,166.42,140.14,99.60,137.27,92.26,4.27,17671,3.59,6735,171.65,160.36,72.36,135.05,219.93,173.04,0.40,0.09,2.00,0.59,0.07,1.14,0.42,0.40,0.01,0.25,0.36,0.05,0.29,0.17,0.01,1.01,0.02,1.05,0.12,0.14,0.14,0.55,0.72,1.69,0.14,0.34,0.09,0.35,0.21,0.35,0.49,0.42,0.10,0.02,0.09,0.08,0.01,0.04,0.61,0.02,3.19,0.05,0.55,0.03,0.03,0.41,0.33,3.19,3.15,0.06,0.07,0.05,0.00,0.21,0.31,0.07,0.27,0.15,0.00,1.02,0.01,1.07,0.12,0.09,0.12,0.52,0.80,1.08,0.13,0.33,0.07,0.30,0.27,0.45,0.61,0.61,0.15,0.03,0.01,0.04,0.00,0.06,0.61,0.01,2.67,0.12,0.52,0.06,0.03,0.45,0.34,2.63,3.56,0.15,0.12,0.03,,
6/1/2022,130.71,160.73,114.81,100.10,151.79,84.47,3.92,16988,3.61,6480,151.71,135.84,78.12,135.54,204.52,150.79,0.60,0.06,2.22,0.39,0.09,1.06,0.49,0.22,0.04,0.15,0.47,0.08,0.39,0.08,0.02,0.85,0.02,1.28,0.07,0.17,0.42,0.47,0.92,1.61,0.12,0.13,0.07,0.38,0.23,0.57,0.34,0.29,0.07,0.04,0.19,0.08,0.06,0.04,0.53,0.03,3.03,0.19,0.41,0.04,0.02,0.56,0.16,3.05,2.88,0.06,0.07,0.06,0.05,0.17,0.42,0.11,0.34,0.03,0.02,0.99,0.05,1.13,0.00,0.31,0.43,0.51,1.05,1.11,0.06,0.19,0.03,0.51,0.28,0.60,0.51,0.57,0.06,0.03,0.15,0.00,0.15,0.03,0.52,0.00,2.75,0.28,0.49,0.03,0.02,0.74,0.23,2.65,3.56,0.11,0.11,0.09,,
7/1/2022,117.18,141.24,97.84,97.27,131.34,80.34,3.51,17214,3.51,6384,149.47,133.13,74.37,122.46,188.26,127.23,0.34,0.11,1.96,0.25,0.11,1.24,0.38,0.20,0.06,0.19,0.34,0.09,0.36,0.04,0.02,0.81,0.01,0.89,0.06,0.19,0.19,0.18,0.54,1.13,0.05,0.10,0.10,0.27,0.35,0.30,0.17,0.20,0.05,0.02,0.19,0.09,0.12,0.01,0.30,0.05,2.70,0.42,0.15,0.03,0.02,0.63,0.18,2.68,2.59,0.03,0.04,0.05,0.11,0.22,0.36,0.17,0.33,0.05,0.02,0.83,0.00,0.81,0.06,0.22,0.28,0.25,0.55,0.83,0.06,0.11,0.17,0.36,0.42,0.27,0.23,0.25,0.03,0.03,0.19,0.14,0.31,0.00,0.44,0.03,2.54,0.58,0.19,0.06,0.05,0.70,0.28,2.55,3.48,0.05,0.09,0.06,,
8/1/2022,132.86,159.38,111.16,119.83,168.91,97.54,3.99,16888,4.32,6269,181.65,152.67,74.49,124.04,235.24,157.84,0.93,0.03,2.23,0.56,0.26,1.05,0.56,0.48,0.04,0.24,0.14,0.05,0.30,0.06,0.01,1.24,0.03,0.61,0.08,0.24,0.07,0.15,0.57,1.15,0.31,0.09,0.07,0.25,0.27,0.12,0.51,0.31,0.08,0.07,0.11,0.08,0.04,0.07,0.21,0.01,2.42,0.12,0.12,0.03,0.01,0.34,0.74,2.28,3.13,0.04,0.06,0.05,0.05,0.29,0.10,0.11,0.19,0.05,0.02,1.36,0.05,0.49,0.10,0.30,0.03,0.19,0.69,0.69,0.30,0.10,0.08,0.33,0.33,0.03,0.75,0.33,0.16,0.06,0.14,0.10,0.08,0.13,0.19,0.00,2.60,0.14,0.10,0.05,0.02,0.40,0.80,2.33,4.29,0.08,0.02,0.05,,
9/1/2022,131.99,170.31,108.63,112.99,179.78,79.79,3.96,16975,4.08,6428,166.61,144.37,72.28,110.11,207.69,153.53,0.68,0.00,2.63,1.04,0.08,0.90,0.58,0.37,0.02,0.18,0.43,0.05,0.29,0.07,0.04,1.14,0.05,0.99,0.16,0.07,0.09,0.12,0.67,1.35,0.14,0.16,0.03,0.51,0.16,0.34,0.29,0.43,0.07,0.04,0.13,0.23,0.04,0.04,0.42,0.04,3.02,0.11,0.27,0.02,0.00,0.47,0.31,2.93,2.93,0.05,0.06,0.04,0.05,0.28,0.36,0.05,0.25,0.05,0.08,1.26,0.08,0.95,0.19,0.08,0.06,0.12,0.81,0.92,0.16,0.16,0.06,0.51,0.25,0.22,0.36,0.61,0.12,0.03,0.17,0.22,0.09,0.05,0.54,0.05,3.14,0.08,0.26,0.03,0.00,0.58,0.39,2.92,4.03,0.06,0.06,0.03,,
10/1/2022,143.16,185.28,112.68,129.14,193.31,102.52,4.29,17606,4.66,6590,163.83,141.70,76.81,119.92,202.58,135.87,0.68,0.08,2.79,1.21,0.14,1.29,0.77,0.39,0.01,0.11,0.36,0.06,0.27,0.08,0.02,1.18,0.04,0.84,0.06,0.05,0.10,0.10,0.78,1.26,0.13,0.11,0.05,0.31,0.26,0.32,0.42,0.42,0.08,0.02,0.12,0.14,0.03,0.01,0.31,0.01,3.39,0.37,0.16,0.02,0.01,0.39,0.33,3.29,3.40,0.11,0.09,0.05,0.00,0.08,0.50,0.08,0.15,0.11,0.03,1.35,0.11,1.09,0.06,0.05,0.12,0.17,1.08,0.99,0.09,0.12,0.08,0.49,0.46,0.58,0.53,0.55,0.15,0.02,0.20,0.15,0.09,0.03,0.53,0.02,3.93,0.58,0.29,0.02,0.02,0.44,0.33,3.81,4.64,0.21,0.09,0.08,,
11/1/2022,116.72,143.05,98.68,100.44,149.17,84.40,3.50,17539,3.62,6486,149.34,129.78,70.18,121.13,164.77,119.28,0.48,0.08,2.10,0.86,0.03,1.02,0.52,0.29,0.03,0.12,0.28,0.13,0.28,0.05,0.01,1.12,0.01,0.70,0.06,0.22,0.09,0.11,0.58,1.09,0.19,0.12,0.40,0.30,0.09,0.22,0.30,0.37,0.05,0.01,0.11,0.15,0.03,0.02,0.39,0.01,2.46,0.17,0.14,0.04,0.03,0.48,0.39,2.46,2.70,0.03,0.07,0.07,0.08,0.11,0.28,0.22,0.19,0.06,0.03,1.14,0.00,0.86,0.09,0.31,0.11,0.15,0.82,0.86,0.14,0.15,0.42,0.43,0.09,0.25,0.31,0.49,0.08,0.00,0.15,0.25,0.06,0.03,0.51,0.02,2.74,0.26,0.15,0.05,0.03,0.52,0.35,2.68,3.61,0.08,0.11,0.06,,
12/1/2022,111.20,119.14,109.77,95.67,131.10,83.46,3.34,16131,3.45,6027,151.87,127.20,69.14,112.87,188.63,126.56,0.45,0.07,1.87,0.48,0.10,1.13,0.50,0.25,0.02,0.19,0.18,0.05,0.21,0.06,0.01,0.87,0.04,0.52,0.04,0.04,0.14,0.09,0.48,1.04,0.07,0.10,0.10,0.25,0.13,0.16,0.25,0.24,0.09,0.00,0.08,0.08,0.07,0.01,0.24,0.02,2.28,0.16,0.11,0.02,0.01,0.25,0.29,2.21,2.55,0.06,0.02,0.04,0.03,0.22,0.17,0.07,0.22,0.07,0.00,0.75,0.07,0.53,0.07,0.05,0.20,0.08,0.53,0.76,0.02,0.08,0.18,0.27,0.17,0.15,0.20,0.22,0.13,0.00,0.05,0.07,0.12,0.02,0.40,0.02,2.59,0.15,0.08,0.03,0.00,0.37,0.27,2.46,3.43,0.12,0.03,0.02,,
1/1/2023,103.21,112.66,93.36,78.84,99.82,71.78,3.10,15829,2.84,5977,132.64,121.15,63.68,103.76,159.78,119.96,0.47,0.02,1.34,0.27,0.03,0.82,0.42,0.33,0.03,0.13,0.20,0.12,0.28,0.17,0.02,0.66,0.01,0.88,0.08,0.06,0.15,0.24,0.56,1.08,0.03,0.08,0.03,0.19,0.20,0.15,0.23,0.29,0.14,0.01,0.20,0.11,0.03,0.02,0.47,0.06,1.96,0.04,0.16,0.03,0.01,0.21,0.16,1.94,2.38,0.03,0.06,0.04,0.05,0.15,0.20,0.15,0.27,0.12,0.03,0.54,0.02,0.90,0.10,0.08,0.17,0.28,0.55,0.80,0.00,0.15,0.07,0.22,0.20,0.22,0.22,0.32,0.10,0.00,0.28,0.12,0.08,0.02,0.64,0.07,1.94,0.07,0.18,0.02,0.02,0.28,0.13,1.91,2.84,0.02,0.05,0.02,,
2/1/2023,121.87,149.99,102.13,102.27,151.36,83.49,3.66,14992,3.69,5611,174.95,155.52,63.22,110.01,219.98,158.57,0.71,0.05,1.82,0.57,0.02,1.16,0.39,0.23,0.01,0.16,0.32,0.06,0.41,0.05,0.03,1.54,0.02,0.79,0.09,0.13,0.11,0.14,0.74,1.04,0.10,0.06,0.10,0.31,0.17,0.17,0.25,0.33,0.08,0.01,0.14,0.10,0.01,0.17,0.31,0.03,2.31,0.14,0.14,0.02,0.01,0.49,0.36,2.03,3.00,0.02,0.08,0.09,0.00,0.29,0.27,0.05,0.43,0.04,0.04,1.60,0.00,0.78,0.11,0.18,0.09,0.18,0.80,0.84,0.07,0.05,0.21,0.36,0.20,0.25,0.39,0.48,0.14,0.04,0.12,0.12,0.02,0.37,0.34,0.02,2.37,0.12,0.09,0.02,0.00,0.62,0.39,2.00,3.69,0.00,0.16,0.11,,
3/1/2023,105.56,127.02,86.35,95.83,134.89,77.04,3.17,16961,3.46,6017,156.19,131.18,65.35,112.85,191.64,128.25,0.50,0.03,1.89,0.58,0.10,0.83,0.52,0.30,0.02,0.22,0.18,0.04,0.25,0.07,0.02,1.40,0.02,0.63,0.06,0.05,0.06,0.08,0.43,0.91,0.14,0.09,0.06,0.31,0.32,0.18,0.25,0.36,0.06,0.02,0.08,0.02,0.02,0.08,0.27,0.01,2.06,0.37,0.13,0.02,0.01,0.22,0.37,2.01,2.63,0.01,0.02,0.06,0.02,0.25,0.22,0.07,0.22,0.05,0.00,1.41,0.02,0.88,0.03,0.03,0.08,0.12,0.61,0.85,0.10,0.12,0.08,0.43,0.27,0.27,0.33,0.52,0.10,0.02,0.07,0.05,0.05,0.13,0.35,0.02,2.51,0.42,0.15,0.00,0.00,0.28,0.43,2.43,3.44,0.00,0.02,0.12,,
4/1/2023,106.80,118.51,92.80,89.45,124.73,72.42,3.20,15422,3.23,5516,133.80,125.25,65.02,115.27,176.66,119.08,0.60,0.02,1.56,0.42,0.09,0.78,0.51,0.33,0.02,0.13,0.20,0.18,0.25,0.04,0.04,1.23,0.04,0.61,0.01,0.34,0.12,0.13,0.59,0.99,0.13,0.08,0.07,0.24,0.29,0.14,0.38,0.36,0.05,0.03,0.13,0.06,0.12,0.08,0.17,0.01,1.82,0.41,0.12,0.01,0.04,0.28,0.40,1.69,2.44,0.06,0.07,0.05,0.04,0.16,0.24,0.24,0.24,0.02,0.04,1.14,0.05,0.67,0.02,0.49,0.09,0.13,0.76,0.63,0.04,0.13,0.04,0.27,0.38,0.13,0.34,0.47,0.09,0.02,0.18,0.07,0.27,0.05,0.29,0.02,2.19,0.45,0.15,0.00,0.09,0.40,0.42,2.01,3.17,0.09,0.09,0.05,,
5/1/2023,107.84,122.45,91.94,85.10,109.04,69.94,3.23,16509,3.07,5570,138.45,132.82,61.57,119.02,162.70,113.04,0.39,0.00,1.40,0.36,0.16,0.86,0.41,0.34,0.02,0.16,0.19,0.21,0.24,0.05,0.00,1.08,0.04,0.61,0.08,0.24,0.07,0.13,0.53,1.08,0.16,0.10,0.08,0.31,0.20,0.21,0.50,0.30,0.08,0.01,0.12,0.07,0.05,0.04,0.16,0.01,1.89,0.33,0.15,0.01,0.02,0.35,0.35,1.76,2.49,0.04,0.08,0.18,0.04,0.16,0.14,0.27,0.14,0.04,0.00,0.88,0.07,0.57,0.05,0.32,0.07,0.11,0.57,0.66,0.07,0.11,0.11,0.23,0.22,0.31,0.38,0.34,0.07,0.02,0.05,0.05,0.13,0.05,0.11,0.00,1.96,0.36,0.13,0.00,0.02,0.52,0.23,1.76,3.07,0.05,0.13,0.18,,
6/1/2023,111.38,131.14,95.31,102.86,143.60,90.58,3.34,16344,3.71,5390,140.67,139.20,66.98,126.21,179.59,121.27,0.61,0.04,1.78,0.63,0.06,1.06,0.71,0.24,0.02,0.13,0.28,0.07,0.25,0.04,0.02,1.08,0.04,0.71,0.11,0.10,0.10,0.09,0.47,1.13,0.13,0.08,0.07,0.26,0.17,0.17,0.20,0.30,0.05,0.02,0.08,0.10,0.11,0.02,0.15,0.01,2.24,0.21,0.13,0.03,0.02,0.16,0.36,2.15,2.48,0.06,0.08,0.12,0.02,0.09,0.33,0.07,0.19,0.04,0.02,1.15,0.02,1.00,0.13,0.15,0.15,0.11,0.65,1.11,0.11,0.15,0.06,0.24,0.20,0.19,0.19,0.46,0.04,0.04,0.13,0.19,0.33,0.02,0.13,0.02,2.65,0.33,0.20,0.02,0.00,0.20,0.45,2.52,3.67,0.02,0.11,0.19,,
7/1/2023,106.81,122.76,91.76,93.43,127.12,78.98,3.20,16106,3.37,5370,147.63,139.94,69.42,130.30,173.60,115.50,0.61,0.00,1.68,0.39,0.13,0.91,0.50,0.32,0.01,0.16,0.21,0.11,0.17,0.06,0.01,0.97,0.02,0.70,0.07,0.09,0.10,0.20,0.52,1.02,0.10,0.11,0.05,0.22,0.32,0.12,0.25,0.38,0.13,0.02,0.14,0.07,0.07,0.02,0.28,0.02,2.07,0.09,0.30,0.02,0.02,0.48,0.29,1.81,2.47,0.06,0.07,0.11,0.00,0.15,0.19,0.07,0.07,0.04,0.00,1.21,0.02,0.93,0.07,0.11,0.15,0.28,0.63,0.61,0.11,0.15,0.07,0.20,0.39,0.22,0.28,0.58,0.11,0.02,0.24,0.11,0.20,0.06,0.45,0.04,2.25,0.07,0.41,0.04,0.00,0.60,0.48,2.03,3.35,0.02,0.13,0.11,,
8/1/2023,101.86,119.08,83.29,75.74,106.46,55.17,3.06,16464,2.73,5453,120.54,127.23,59.44,115.29,148.32,112.09,0.53,0.07,1.43,0.29,0.06,0.62,0.51,0.17,0.05,0.10,0.17,0.12,0.24,0.05,0.02,1.00,0.03,0.48,0.09,0.08,0.09,0.04,0.57,1.12,0.12,0.04,0.04,0.32,0.18,0.22,0.23,0.25,0.07,0.02,0.16,0.03,0.05,0.03,0.13,0.02,1.97,0.27,0.09,0.01,0.02,0.33,0.19,1.65,2.18,0.02,0.07,0.13,0.04,0.11,0.09,0.13,0.13,0.02,0.02,0.84,0.06,0.37,0.09,0.11,0.09,0.04,0.57,0.79,0.09,0.02,0.07,0.29,0.17,0.18,0.17,0.33,0.15,0.00,0.24,0.04,0.09,0.07,0.11,0.04,1.85,0.35,0.11,0.00,0.04,0.31,0.18,1.49,2.70,0.02,0.06,0.17,,
9/1/2023,98.82,126.63,68.05,69.42,96.71,56.72,2.96,16532,2.50,5391,131.28,135.29,63.76,121.16,157.26,110.91,0.33,0.00,1.45,0.09,0.06,0.76,0.26,0.17,0.03,0.19,0.11,0.11,0.31,0.05,0.02,1.09,0.04,0.45,0.04,0.13,0.09,0.05,0.56,1.19,0.11,0.10,0.10,0.46,0.20,0.15,0.28,0.51,0.09,0.06,0.08,0.06,0.01,0.07,0.19,0.01,1.91,0.25,0.13,0.02,0.03,0.39,0.22,1.67,2.23,0.04,0.15,0.11,0.04,0.20,0.07,0.11,0.24,0.04,0.02,0.80,0.02,0.52,0.04,0.26,0.15,0.00,0.61,0.65,0.09,0.07,0.09,0.37,0.22,0.20,0.24,0.43,0.09,0.11,0.07,0.04,0.04,0.11,0.09,0.00,1.65,0.22,0.15,0.06,0.07,0.48,0.20,1.37,2.50,0.07,0.07,0.11,,
10/1/2023,196.74,204.43,219.07,139.09,170.59,142.52,5.90,16743,5.02,5640,215.96,237.25,85.44,171.62,269.54,217.07,1.01,0.02,2.02,0.37,0.28,1.38,0.60,1.42,0.04,0.21,0.35,0.09,0.56,0.05,0.01,1.04,0.05,0.79,0.07,1.59,0.15,0.08,0.85,2.22,0.14,0.10,0.07,0.22,4.29,0.24,0.24,0.27,0.16,0.02,0.12,0.20,0.04,0.07,0.12,0.03,1.85,0.81,0.17,0.07,0.09,0.39,0.26,1.71,4.39,0.10,0.05,0.07,0.02,0.18,0.23,0.09,0.28,0.05,0.02,0.98,0.05,0.48,0.05,1.51,0.12,0.04,0.64,0.80,0.07,0.12,0.14,0.27,3.58,0.16,0.20,0.32,0.23,0.04,0.07,0.27,0.09,0.07,0.14,0.04,1.79,0.87,0.18,0.02,0.07,0.39,0.32,1.81,4.98,0.07,0.04,0.02,,
11/1/2023,153.77,142.45,184.96,137.09,146.30,162.59,4.61,15980,4.95,5217,187.05,193.40,84.24,162.18,219.16,161.60,0.75,0.00,1.65,0.38,0.31,2.07,0.48,1.27,0.04,0.15,0.18,0.08,0.41,0.07,0.01,0.93,0.03,0.33,0.04,1.13,0.11,0.04,0.56,1.40,0.13,0.07,0.24,0.25,3.09,0.09,0.31,0.28,0.08,0.04,0.08,0.08,0.01,0.12,0.15,0.00,1.28,0.29,0.04,0.27,0.03,0.23,0.34,1.21,3.65,0.03,0.11,0.06,0.04,0.15,0.13,0.02,0.29,0.04,0.00,0.84,0.04,0.27,0.08,1.40,0.12,0.06,0.82,0.96,0.06,0.06,0.31,0.36,3.64,0.10,0.29,0.35,0.04,0.06,0.12,0.10,0.02,0.19,0.13,0.00,1.23,0.38,0.02,0.25,0.00,0.21,0.35,1.23,4.95,0.00,0.23,0.00,,
12/1/2023,141.39,136.51,171.79,123.58,137.22,144.68,4.24,15539,4.46,5249,176.30,171.24,80.89,140.97,226.49,152.61,0.63,0.13,1.70,0.29,0.21,1.77,0.63,0.95,0.06,0.13,0.19,0.08,0.26,0.05,0.01,0.70,0.05,0.51,0.12,0.93,0.17,0.04,0.70,1.60,0.11,0.20,0.05,0.23,2.44,0.26,0.18,0.15,0.12,0.03,0.20,0.36,0.04,0.03,0.21,0.01,1.49,0.27,0.12,0.03,0.01,0.21,0.17,1.34,3.40,0.12,0.06,0.11,0.06,0.15,0.17,0.04,0.23,0.00,0.00,0.76,0.04,0.32,0.06,0.93,0.17,0.04,0.97,1.18,0.06,0.21,0.10,0.25,2.72,0.23,0.15,0.27,0.21,0.04,0.13,0.48,0.10,0.08,0.29,0.04,1.66,0.38,0.13,0.04,0.00,0.19,0.19,1.49,4.42,0.10,0.06,0.06,,
1/1/2024,159.12,140.14,205.97,133.42,144.08,151.48,4.77,15966,4.81,5111,176.83,191.14,83.38,154.04,220.53,159.51,0.92,0.12,1.58,0.37,0.20,2.15,0.57,0.92,0.03,0.31,0.18,0.06,0.38,0.18,0.01,0.98,0.05,0.54,0.14,0.99,0.03,0.08,0.61,1.88,0.08,0.08,0.06,0.28,2.76,0.12,0.25,0.34,0.14,0.04,0.34,0.15,0.04,0.02,0.11,0.03,1.55,0.56,0.12,0.06,0.01,0.34,0.27,1.48,3.83,0.08,0.09,0.32,0.02,0.22,0.16,0.06,0.16,0.22,0.00,0.96,0.08,0.47,0.08,1.12,0.04,0.06,0.82,0.98,0.06,0.06,0.04,0.29,2.86,0.16,0.37,0.47,0.27,0.04,0.25,0.16,0.04,0.02,0.16,0.10,1.66,0.53,0.02,0.02,0.02,0.35,0.39,1.72,4.75,0.12,0.16,0.18,,
2/1/2024,144.47,139.73,167.51,120.88,141.06,134.28,4.33,15300,4.36,5068,165.53,172.07,81.30,151.76,212.79,152.47,0.75,0.12,1.87,0.37,0.12,1.74,0.79,0.49,0.08,0.22,0.22,0.08,0.27,0.05,0.01,0.77,0.03,0.71,0.08,0.88,0.12,0.08,0.75,1.63,0.07,0.13,0.07,0.22,2.18,0.22,0.14,0.15,0.18,0.05,0.19,0.07,0.04,0.02,0.20,0.02,1.72,0.28,0.10,0.05,0.00,0.24,0.20,1.51,3.35,0.08,0.03,0.12,0.14,0.16,0.18,0.16,0.14,0.06,0.04,0.77,0.04,0.63,0.04,0.89,0.16,0.18,0.81,0.83,0.02,0.12,0.04,0.32,2.60,0.10,0.14,0.16,0.18,0.02,0.10,0.04,0.08,0.00,0.14,0.00,1.89,0.34,0.14,0.10,0.00,0.30,0.24,1.80,4.28,0.16,0.02,0.18,,
3/1/2024,124.06,107.16,148.17,104.60,112.67,111.47,3.72,14781,3.77,5486,150.03,137.72,71.81,115.13,177.04,135.30,0.44,0.04,1.40,0.36,0.20,1.66,0.40,0.51,0.01,0.13,0.26,0.08,0.24,0.04,0.01,0.74,0.03,0.54,0.05,0.64,0.18,0.08,0.69,1.31,0.02,0.11,0.03,0.20,1.91,0.22,0.12,0.25,0.14,0.02,0.07,0.05,0.01,0.03,0.18,0.01,1.43,0.18,0.08,0.01,0.02,0.21,0.16,1.33,2.84,0.07,0.03,0.12,0.02,0.13,0.24,0.09,0.13,0.04,0.04,0.80,0.05,0.49,0.05,0.73,0.13,0.09,0.78,0.62,0.00,0.04,0.05,0.20,2.21,0.24,0.18,0.29,0.18,0.04,0.02,0.07,0.04,0.04,0.26,0.00,1.44,0.15,0.02,0.00,0.00,0.29,0.20,1.44,3.74,0.11,0.02,0.13,,
