,value,value_classification,timestamp,time_until_update
0,79,Extreme Greed,4/12/2024,39941
1,76,Extreme Greed,4/11/2024,
2,78,Extreme Greed,4/10/2024,
3,80,Extreme Greed,4/9/2024,
4,76,Extreme Greed,4/8/2024,
5,78,Extreme Greed,4/7/2024,
6,75,Greed,4/6/2024,
7,79,Extreme Greed,4/5/2024,
8,70,Greed,4/4/2024,
9,71,Greed,4/3/2024,
10,79,Extreme Greed,4/2/2024,
11,79,Extreme Greed,4/1/2024,
12,75,Greed,3/31/2024,
13,75,Greed,3/30/2024,
14,79,Extreme Greed,3/29/2024,
15,80,Extreme Greed,3/28/2024,
16,83,Extreme Greed,3/27/2024,
17,81,Extreme Greed,3/26/2024,
18,75,Greed,3/25/2024,
19,74,Greed,3/24/2024,
20,73,Greed,3/23/2024,
21,75,Greed,3/22/2024,
22,78,Extreme Greed,3/21/2024,
23,74,Greed,3/20/2024,
24,79,Extreme Greed,3/19/2024,
25,77,Extreme Greed,3/18/2024,
26,79,Extreme Greed,3/17/2024,
27,81,Extreme Greed,3/16/2024,
28,83,Extreme Greed,3/15/2024,
29,88,Extreme Greed,3/14/2024,
30,81,Extreme Greed,3/13/2024,
31,81,Extreme Greed,3/12/2024,
32,82,Extreme Greed,3/11/2024,
33,79,Extreme Greed,3/10/2024,
34,84,Extreme Greed,3/9/2024,
35,81,Extreme Greed,3/8/2024,
36,82,Extreme Greed,3/7/2024,
37,75,Greed,3/6/2024,
38,90,Extreme Greed,3/5/2024,
39,82,Extreme Greed,3/4/2024,
40,83,Extreme Greed,3/3/2024,
41,80,Extreme Greed,3/2/2024,
42,80,Extreme Greed,3/1/2024,
43,80,Extreme Greed,2/29/2024,
44,82,Extreme Greed,2/28/2024,
45,79,Extreme Greed,2/27/2024,
46,72,Greed,2/26/2024,
47,74,Greed,2/25/2024,
48,72,Greed,2/24/2024,
49,76,Extreme Greed,2/23/2024,
50,74,Greed,2/22/2024,
51,78,Extreme Greed,2/21/2024,
52,72,Greed,2/20/2024,
53,75,Greed,2/19/2024,
54,72,Greed,2/18/2024,
55,76,Extreme Greed,2/17/2024,
56,72,Greed,2/16/2024,
57,72,Greed,2/15/2024,
58,74,Greed,2/14/2024,
59,79,Extreme Greed,2/13/2024,
60,70,Greed,2/12/2024,
61,71,Greed,2/11/2024,
62,74,Greed,2/10/2024,
63,72,Greed,2/9/2024,
64,66,Greed,2/8/2024,
65,62,Greed,2/7/2024,
66,64,Greed,2/6/2024,
67,60,Greed,2/5/2024,
68,60,Greed,2/4/2024,
69,60,Greed,2/3/2024,
70,63,Greed,2/2/2024,
71,63,Greed,2/1/2024,
72,60,Greed,1/31/2024,
73,61,Greed,1/30/2024,
74,55,Greed,1/29/2024,
75,54,Neutral,1/28/2024,
76,55,Greed,1/27/2024,
77,49,Neutral,1/26/2024,
78,52,Neutral,1/25/2024,
79,48,Neutral,1/24/2024,
80,50,Neutral,1/23/2024,
81,55,Greed,1/22/2024,
82,56,Greed,1/21/2024,
83,52,Neutral,1/20/2024,
84,51,Neutral,1/19/2024,
85,63,Greed,1/18/2024,
86,60,Greed,1/17/2024,
87,64,Greed,1/16/2024,
88,52,Neutral,1/15/2024,
89,60,Greed,1/14/2024,
90,64,Greed,1/13/2024,
91,71,Greed,1/12/2024,
92,76,Extreme Greed,1/11/2024,
93,73,Greed,1/10/2024,
94,76,Extreme Greed,1/9/2024,
95,71,Greed,1/8/2024,
96,71,Greed,1/7/2024,
97,70,Greed,1/6/2024,
98,72,Greed,1/5/2024,
99,68,Greed,1/4/2024,
100,70,Greed,1/3/2024,
101,71,Greed,1/2/2024,
102,65,Greed,1/1/2024,
103,67,Greed,12/31/2023,
104,68,Greed,12/30/2023,
105,65,Greed,12/29/2023,
106,73,Greed,12/28/2023,
107,73,Greed,12/27/2023,
108,71,Greed,12/26/2023,
109,73,Greed,12/25/2023,
110,71,Greed,12/24/2023,
111,70,Greed,12/23/2023,
112,74,Greed,12/22/2023,
113,70,Greed,12/21/2023,
114,74,Greed,12/20/2023,
115,73,Greed,12/19/2023,
116,65,Greed,12/18/2023,
117,73,Greed,12/17/2023,
118,67,Greed,12/16/2023,
119,70,Greed,12/15/2023,
120,72,Greed,12/14/2023,
121,65,Greed,12/13/2023,
122,67,Greed,12/12/2023,
123,74,Greed,12/11/2023,
124,74,Greed,12/10/2023,
125,73,Greed,12/9/2023,
126,72,Greed,12/8/2023,
127,72,Greed,12/7/2023,
128,72,Greed,12/6/2023,
129,75,Greed,12/5/2023,
130,74,Greed,12/4/2023,
131,73,Greed,12/3/2023,
132,74,Greed,12/2/2023,
133,71,Greed,12/1/2023,
134,74,Greed,11/30/2023,
135,72,Greed,11/29/2023,
136,68,Greed,11/28/2023,
137,66,Greed,11/27/2023,
138,73,Greed,11/26/2023,
139,73,Greed,11/25/2023,
140,66,Greed,11/24/2023,
141,66,Greed,11/23/2023,
142,62,Greed,11/22/2023,
143,71,Greed,11/21/2023,
144,69,Greed,11/20/2023,
145,66,Greed,11/19/2023,
146,69,Greed,11/18/2023,
147,63,Greed,11/17/2023,
148,70,Greed,11/16/2023,
149,60,Greed,11/15/2023,
150,69,Greed,11/14/2023,
151,72,Greed,11/13/2023,
152,73,Greed,11/12/2023,
153,70,Greed,11/11/2023,
154,70,Greed,11/10/2023,
155,69,Greed,11/9/2023,
156,66,Greed,11/8/2023,
157,68,Greed,11/7/2023,
158,74,Greed,11/6/2023,
159,70,Greed,11/5/2023,
160,68,Greed,11/4/2023,
161,65,Greed,11/3/2023,
162,72,Greed,11/2/2023,
163,66,Greed,11/1/2023,
164,66,Greed,10/31/2023,
165,68,Greed,10/30/2023,
166,72,Greed,10/29/2023,
167,65,Greed,10/28/2023,
168,70,Greed,10/27/2023,
169,71,Greed,10/26/2023,
170,72,Greed,10/25/2023,
171,66,Greed,10/24/2023,
172,53,Neutral,10/23/2023,
173,53,Neutral,10/22/2023,
174,63,Greed,10/21/2023,
175,53,Neutral,10/20/2023,
176,52,Neutral,10/19/2023,
177,50,Neutral,10/18/2023,
178,52,Neutral,10/17/2023,
179,47,Neutral,10/16/2023,
180,45,Fear,10/15/2023,
181,47,Neutral,10/14/2023,
182,44,Fear,10/13/2023,
183,45,Fear,10/12/2023,
184,47,Neutral,10/11/2023,
185,50,Neutral,10/10/2023,
186,50,Neutral,10/9/2023,
187,50,Neutral,10/8/2023,
188,49,Neutral,10/7/2023,
189,50,Neutral,10/6/2023,
190,48,Neutral,10/5/2023,
191,49,Neutral,10/4/2023,
192,50,Neutral,10/3/2023,
193,50,Neutral,10/2/2023,
194,48,Neutral,10/1/2023,
195,47,Neutral,9/30/2023,
196,48,Neutral,9/29/2023,
197,46,Fear,9/28/2023,
198,44,Fear,9/27/2023,
199,46,Fear,9/26/2023,
200,47,Neutral,9/25/2023,
201,44,Fear,9/24/2023,
202,47,Neutral,9/23/2023,
203,43,Fear,9/22/2023,
204,47,Neutral,9/21/2023,
205,47,Neutral,9/20/2023,
206,46,Fear,9/19/2023,
207,46,Fear,9/18/2023,
208,46,Fear,9/17/2023,
209,43,Fear,9/16/2023,
210,45,Fear,9/15/2023,
211,45,Fear,9/14/2023,
212,41,Fear,9/13/2023,
213,30,Fear,9/12/2023,
214,40,Fear,9/11/2023,
215,40,Fear,9/10/2023,
216,41,Fear,9/9/2023,
217,46,Fear,9/8/2023,
218,41,Fear,9/7/2023,
219,42,Fear,9/6/2023,
220,40,Fear,9/5/2023,
221,40,Fear,9/4/2023,
222,40,Fear,9/3/2023,
223,39,Fear,9/2/2023,
224,40,Fear,9/1/2023,
225,52,Neutral,8/31/2023,
226,49,Neutral,8/30/2023,
227,39,Fear,8/29/2023,
228,39,Fear,8/28/2023,
229,38,Fear,8/27/2023,
230,38,Fear,8/26/2023,
231,39,Fear,8/25/2023,
232,41,Fear,8/24/2023,
233,37,Fear,8/23/2023,
234,37,Fear,8/22/2023,
235,38,Fear,8/21/2023,
236,37,Fear,8/20/2023,
237,39,Fear,8/19/2023,
238,37,Fear,8/18/2023,
239,50,Neutral,8/17/2023,
240,52,Neutral,8/16/2023,
241,53,Neutral,8/15/2023,
242,50,Neutral,8/14/2023,
243,54,Neutral,8/13/2023,
244,54,Neutral,8/12/2023,
245,51,Neutral,8/11/2023,
246,53,Neutral,8/10/2023,
247,50,Neutral,8/9/2023,
248,54,Neutral,8/8/2023,
249,49,Neutral,8/7/2023,
250,49,Neutral,8/6/2023,
251,50,Neutral,8/5/2023,
252,54,Neutral,8/4/2023,
253,52,Neutral,8/3/2023,
254,53,Neutral,8/2/2023,
255,53,Neutral,8/1/2023,
256,50,Neutral,7/31/2023,
257,52,Neutral,7/30/2023,
258,52,Neutral,7/29/2023,
259,52,Neutral,7/28/2023,
260,51,Neutral,7/27/2023,
261,51,Neutral,7/26/2023,
262,50,Neutral,7/25/2023,
263,55,Greed,7/24/2023,
264,54,Neutral,7/23/2023,
265,52,Neutral,7/22/2023,
266,50,Neutral,7/21/2023,
267,56,Greed,7/20/2023,
268,50,Neutral,7/19/2023,
269,56,Greed,7/18/2023,
270,54,Neutral,7/17/2023,
271,57,Greed,7/16/2023,
272,56,Greed,7/15/2023,
273,60,Greed,7/14/2023,
274,57,Greed,7/13/2023,
275,64,Greed,7/12/2023,
276,57,Greed,7/11/2023,
277,56,Greed,7/10/2023,
278,55,Greed,7/9/2023,
279,58,Greed,7/8/2023,
280,55,Greed,7/7/2023,
281,56,Greed,7/6/2023,
282,61,Greed,7/5/2023,
283,64,Greed,7/4/2023,
284,62,Greed,7/3/2023,
285,63,Greed,7/2/2023,
286,59,Greed,7/1/2023,
287,56,Greed,6/30/2023,
288,54,Neutral,6/29/2023,
289,62,Greed,6/28/2023,
290,59,Greed,6/27/2023,
291,55,Greed,6/26/2023,
292,64,Greed,6/25/2023,
293,62,Greed,6/24/2023,
294,65,Greed,6/23/2023,
295,65,Greed,6/22/2023,
296,59,Greed,6/21/2023,
297,49,Neutral,6/20/2023,
298,47,Neutral,6/19/2023,
299,49,Neutral,6/18/2023,
300,47,Neutral,6/17/2023,
301,47,Neutral,6/16/2023,
302,41,Fear,6/15/2023,
303,46,Fear,6/14/2023,
304,45,Fear,6/13/2023,
305,47,Neutral,6/12/2023,
306,47,Neutral,6/11/2023,
307,49,Neutral,6/10/2023,
308,50,Neutral,6/9/2023,
309,50,Neutral,6/8/2023,
310,53,Neutral,6/7/2023,
311,44,Fear,6/6/2023,
312,53,Neutral,6/5/2023,
313,52,Neutral,6/4/2023,
314,53,Neutral,6/3/2023,
315,50,Neutral,6/2/2023,
316,52,Neutral,6/1/2023,
317,51,Neutral,5/31/2023,
318,51,Neutral,5/30/2023,
319,52,Neutral,5/29/2023,
320,50,Neutral,5/28/2023,
321,48,Neutral,5/27/2023,
322,49,Neutral,5/26/2023,
323,51,Neutral,5/25/2023,
324,50,Neutral,5/24/2023,
325,50,Neutral,5/23/2023,
326,49,Neutral,5/22/2023,
327,52,Neutral,5/21/2023,
328,48,Neutral,5/20/2023,
329,48,Neutral,5/19/2023,
330,51,Neutral,5/18/2023,
331,50,Neutral,5/17/2023,
332,54,Neutral,5/16/2023,
333,50,Neutral,5/15/2023,
334,48,Neutral,5/14/2023,
335,48,Neutral,5/13/2023,
336,49,Neutral,5/12/2023,
337,52,Neutral,5/11/2023,
338,52,Neutral,5/10/2023,
339,51,Neutral,5/9/2023,
340,60,Greed,5/8/2023,
341,64,Greed,5/7/2023,
342,60,Greed,5/6/2023,
343,61,Greed,5/5/2023,
344,64,Greed,5/4/2023,
345,64,Greed,5/3/2023,
346,55,Greed,5/2/2023,
347,63,Greed,5/1/2023,
348,60,Greed,4/30/2023,
349,64,Greed,4/29/2023,
350,64,Greed,4/28/2023,
351,59,Greed,4/27/2023,
352,56,Greed,4/26/2023,
353,53,Neutral,4/25/2023,
354,53,Neutral,4/24/2023,
355,56,Greed,4/23/2023,
356,53,Neutral,4/22/2023,
357,50,Neutral,4/21/2023,
358,52,Neutral,4/20/2023,
359,63,Greed,4/19/2023,
360,58,Greed,4/18/2023,
361,69,Greed,4/17/2023,
362,68,Greed,4/16/2023,
363,68,Greed,4/15/2023,
364,68,Greed,4/14/2023,
365,61,Greed,4/13/2023,
366,65,Greed,4/12/2023,
367,68,Greed,4/11/2023,
368,62,Greed,4/10/2023,
369,61,Greed,4/9/2023,
370,61,Greed,4/8/2023,
371,64,Greed,4/7/2023,
372,63,Greed,4/6/2023,
373,62,Greed,4/5/2023,
374,62,Greed,4/4/2023,
375,63,Greed,4/3/2023,
376,63,Greed,4/2/2023,
377,61,Greed,4/1/2023,
378,63,Greed,3/31/2023,
379,60,Greed,3/30/2023,
380,57,Greed,3/29/2023,
381,59,Greed,3/28/2023,
382,64,Greed,3/27/2023,
383,64,Greed,3/26/2023,
384,64,Greed,3/25/2023,
385,61,Greed,3/24/2023,
386,57,Greed,3/23/2023,
387,62,Greed,3/22/2023,
388,68,Greed,3/21/2023,
389,66,Greed,3/20/2023,
390,63,Greed,3/19/2023,
391,64,Greed,3/18/2023,
392,51,Neutral,3/17/2023,
393,52,Neutral,3/16/2023,
394,50,Neutral,3/15/2023,
395,56,Greed,3/14/2023,
396,49,Neutral,3/13/2023,
397,33,Fear,3/12/2023,
398,33,Fear,3/11/2023,
399,34,Fear,3/10/2023,
400,44,Fear,3/9/2023,
401,50,Neutral,3/8/2023,
402,49,Neutral,3/7/2023,
403,48,Neutral,3/6/2023,
404,47,Neutral,3/5/2023,
405,50,Neutral,3/4/2023,
406,50,Neutral,3/3/2023,
407,51,Neutral,3/2/2023,
408,50,Neutral,3/1/2023,
409,53,Neutral,2/28/2023,
410,50,Neutral,2/27/2023,
411,51,Neutral,2/26/2023,
412,52,Neutral,2/25/2023,
413,53,Neutral,2/24/2023,
414,56,Greed,2/23/2023,
415,59,Greed,2/22/2023,
416,60,Greed,2/21/2023,
417,58,Greed,2/20/2023,
418,60,Greed,2/19/2023,
419,60,Greed,2/18/2023,
420,61,Greed,2/17/2023,
421,62,Greed,2/16/2023,
422,53,Neutral,2/15/2023,
423,50,Neutral,2/14/2023,
424,48,Neutral,2/13/2023,
425,50,Neutral,2/12/2023,
426,49,Neutral,2/11/2023,
427,48,Neutral,2/10/2023,
428,55,Greed,2/9/2023,
429,58,Greed,2/8/2023,
430,54,Neutral,2/7/2023,
431,56,Greed,2/6/2023,
432,58,Greed,2/5/2023,
433,58,Greed,2/4/2023,
434,60,Greed,2/3/2023,
435,60,Greed,2/2/2023,
436,56,Greed,2/1/2023,
437,51,Neutral,1/31/2023,
438,61,Greed,1/30/2023,
439,55,Greed,1/29/2023,
440,52,Neutral,1/28/2023,
441,55,Greed,1/27/2023,
442,54,Neutral,1/26/2023,
443,51,Neutral,1/25/2023,
444,52,Neutral,1/24/2023,
445,50,Neutral,1/23/2023,
446,53,Neutral,1/22/2023,
447,53,Neutral,1/21/2023,
448,51,Neutral,1/20/2023,
449,45,Fear,1/19/2023,
450,52,Neutral,1/18/2023,
451,51,Neutral,1/17/2023,
452,45,Fear,1/16/2023,
453,52,Neutral,1/15/2023,
454,46,Fear,1/14/2023,
455,31,Fear,1/13/2023,
456,30,Fear,1/12/2023,
457,26,Fear,1/11/2023,
458,26,Fear,1/10/2023,
459,25,Extreme Fear,1/9/2023,
460,25,Extreme Fear,1/8/2023,
461,25,Extreme Fear,1/7/2023,
462,26,Fear,1/6/2023,
463,29,Fear,1/5/2023,
464,29,Fear,1/4/2023,
465,26,Fear,1/3/2023,
466,27,Fear,1/2/2023,
467,26,Fear,1/1/2023,
468,25,Extreme Fear,12/31/2022,
469,28,Fear,12/30/2022,
470,28,Fear,12/29/2022,
471,28,Fear,12/28/2022,
472,27,Fear,12/27/2022,
473,28,Fear,12/26/2022,
474,29,Fear,12/25/2022,
475,29,Fear,12/24/2022,
476,27,Fear,12/23/2022,
477,28,Fear,12/22/2022,
478,26,Fear,12/21/2022,
479,29,Fear,12/20/2022,
480,29,Fear,12/19/2022,
481,26,Fear,12/18/2022,
482,28,Fear,12/17/2022,
483,29,Fear,12/16/2022,
484,31,Fear,12/15/2022,
485,30,Fear,12/14/2022,
486,27,Fear,12/13/2022,
487,27,Fear,12/12/2022,
488,26,Fear,12/11/2022,
489,27,Fear,12/10/2022,
490,26,Fear,12/9/2022,
491,25,Extreme Fear,12/8/2022,
492,29,Fear,12/7/2022,
493,25,Extreme Fear,12/6/2022,
494,26,Fear,12/5/2022,
495,26,Fear,12/4/2022,
496,27,Fear,12/3/2022,
497,27,Fear,12/2/2022,
498,27,Fear,12/1/2022,
499,29,Fear,11/30/2022,
500,26,Fear,11/29/2022,
501,28,Fear,11/28/2022,
502,26,Fear,11/27/2022,
503,22,Extreme Fear,11/26/2022,
504,20,Extreme Fear,11/25/2022,
505,20,Extreme Fear,11/24/2022,
506,22,Extreme Fear,11/23/2022,
507,22,Extreme Fear,11/22/2022,
508,21,Extreme Fear,11/21/2022,
509,24,Extreme Fear,11/20/2022,
510,23,Extreme Fear,11/19/2022,
511,23,Extreme Fear,11/18/2022,
512,20,Extreme Fear,11/17/2022,
513,23,Extreme Fear,11/16/2022,
514,22,Extreme Fear,11/15/2022,
515,24,Extreme Fear,11/14/2022,
516,22,Extreme Fear,11/13/2022,
517,21,Extreme Fear,11/12/2022,
518,25,Extreme Fear,11/11/2022,
519,22,Extreme Fear,11/10/2022,
520,29,Fear,11/9/2022,
521,31,Fear,11/8/2022,
522,33,Fear,11/7/2022,
523,40,Fear,11/6/2022,
524,38,Fear,11/5/2022,
525,30,Fear,11/4/2022,
526,30,Fear,11/3/2022,
527,30,Fear,11/2/2022,
528,30,Fear,11/1/2022,
529,31,Fear,10/31/2022,
530,34,Fear,10/30/2022,
531,34,Fear,10/29/2022,
532,30,Fear,10/28/2022,
533,32,Fear,10/27/2022,
534,33,Fear,10/26/2022,
535,20,Extreme Fear,10/25/2022,
536,22,Extreme Fear,10/24/2022,
537,23,Extreme Fear,10/23/2022,
538,20,Extreme Fear,10/22/2022,
539,23,Extreme Fear,10/21/2022,
540,23,Extreme Fear,10/20/2022,
541,23,Extreme Fear,10/19/2022,
542,22,Extreme Fear,10/18/2022,
543,20,Extreme Fear,10/17/2022,
544,24,Extreme Fear,10/16/2022,
545,24,Extreme Fear,10/15/2022,
546,24,Extreme Fear,10/14/2022,
547,20,Extreme Fear,10/13/2022,
548,20,Extreme Fear,10/12/2022,
549,24,Extreme Fear,10/11/2022,
550,22,Extreme Fear,10/10/2022,
551,22,Extreme Fear,10/9/2022,
552,24,Extreme Fear,10/8/2022,
553,23,Extreme Fear,10/7/2022,
554,26,Fear,10/6/2022,
555,25,Extreme Fear,10/5/2022,
556,20,Extreme Fear,10/4/2022,
557,24,Extreme Fear,10/3/2022,
558,24,Extreme Fear,10/2/2022,
559,20,Extreme Fear,10/1/2022,
560,21,Extreme Fear,9/30/2022,
561,22,Extreme Fear,9/29/2022,
562,20,Extreme Fear,9/28/2022,
563,20,Extreme Fear,9/27/2022,
564,21,Extreme Fear,9/26/2022,
565,24,Extreme Fear,9/25/2022,
566,24,Extreme Fear,9/24/2022,
567,20,Extreme Fear,9/23/2022,
568,22,Extreme Fear,9/22/2022,
569,23,Extreme Fear,9/21/2022,
570,23,Extreme Fear,9/20/2022,
571,21,Extreme Fear,9/19/2022,
572,27,Fear,9/18/2022,
573,22,Extreme Fear,9/17/2022,
574,20,Extreme Fear,9/16/2022,
575,28,Fear,9/15/2022,
576,27,Fear,9/14/2022,
577,34,Fear,9/13/2022,
578,25,Extreme Fear,9/12/2022,
579,26,Fear,9/11/2022,
580,28,Fear,9/10/2022,
581,22,Extreme Fear,9/9/2022,
582,20,Extreme Fear,9/8/2022,
583,24,Extreme Fear,9/7/2022,
584,22,Extreme Fear,9/6/2022,
585,23,Extreme Fear,9/5/2022,
586,20,Extreme Fear,9/4/2022,
587,21,Extreme Fear,9/3/2022,
588,25,Extreme Fear,9/2/2022,
589,20,Extreme Fear,9/1/2022,
590,23,Extreme Fear,8/31/2022,
591,27,Fear,8/30/2022,
592,24,Extreme Fear,8/29/2022,
593,28,Fear,8/28/2022,
594,28,Fear,8/27/2022,
595,27,Fear,8/26/2022,
596,25,Extreme Fear,8/25/2022,
597,25,Extreme Fear,8/24/2022,
598,28,Fear,8/23/2022,
599,29,Fear,8/22/2022,
600,27,Fear,8/21/2022,
601,29,Fear,8/20/2022,
602,33,Fear,8/19/2022,
603,30,Fear,8/18/2022,
604,41,Fear,8/17/2022,
605,44,Fear,8/16/2022,
606,45,Fear,8/15/2022,
607,47,Neutral,8/14/2022,
608,46,Fear,8/13/2022,
609,42,Fear,8/12/2022,
610,41,Fear,8/11/2022,
611,31,Fear,8/10/2022,
612,42,Fear,8/9/2022,
613,30,Fear,8/8/2022,
614,30,Fear,8/7/2022,
615,31,Fear,8/6/2022,
616,31,Fear,8/5/2022,
617,30,Fear,8/4/2022,
618,34,Fear,8/3/2022,
619,31,Fear,8/2/2022,
620,33,Fear,8/1/2022,
621,39,Fear,7/31/2022,
622,42,Fear,7/30/2022,
623,39,Fear,7/29/2022,
624,32,Fear,7/28/2022,
625,28,Fear,7/27/2022,
626,26,Fear,7/26/2022,
627,30,Fear,7/25/2022,
628,30,Fear,7/24/2022,
629,31,Fear,7/23/2022,
630,33,Fear,7/22/2022,
631,34,Fear,7/21/2022,
632,31,Fear,7/20/2022,
633,30,Fear,7/19/2022,
634,20,Extreme Fear,7/18/2022,
635,24,Extreme Fear,7/17/2022,
636,21,Extreme Fear,7/16/2022,
637,15,Extreme Fear,7/15/2022,
638,18,Extreme Fear,7/14/2022,
639,15,Extreme Fear,7/13/2022,
640,16,Extreme Fear,7/12/2022,
641,22,Extreme Fear,7/11/2022,
642,24,Extreme Fear,7/10/2022,
643,24,Extreme Fear,7/9/2022,
644,20,Extreme Fear,7/8/2022,
645,18,Extreme Fear,7/7/2022,
646,18,Extreme Fear,7/6/2022,
647,19,Extreme Fear,7/5/2022,
648,14,Extreme Fear,7/4/2022,
649,11,Extreme Fear,7/3/2022,
650,14,Extreme Fear,7/2/2022,
651,11,Extreme Fear,7/1/2022,
652,11,Extreme Fear,6/30/2022,
653,13,Extreme Fear,6/29/2022,
654,10,Extreme Fear,6/28/2022,
655,12,Extreme Fear,6/27/2022,
656,14,Extreme Fear,6/26/2022,
657,14,Extreme Fear,6/25/2022,
658,11,Extreme Fear,6/24/2022,
659,11,Extreme Fear,6/23/2022,
660,11,Extreme Fear,6/22/2022,
661,9,Extreme Fear,6/21/2022,
662,9,Extreme Fear,6/20/2022,
663,6,Extreme Fear,6/19/2022,
664,6,Extreme Fear,6/18/2022,
665,9,Extreme Fear,6/17/2022,
666,7,Extreme Fear,6/16/2022,
667,7,Extreme Fear,6/15/2022,
668,8,Extreme Fear,6/14/2022,
669,11,Extreme Fear,6/13/2022,
670,14,Extreme Fear,6/12/2022,
671,12,Extreme Fear,6/11/2022,
672,13,Extreme Fear,6/10/2022,
673,11,Extreme Fear,6/9/2022,
674,17,Extreme Fear,6/8/2022,
675,15,Extreme Fear,6/7/2022,
676,13,Extreme Fear,6/6/2022,
677,10,Extreme Fear,6/5/2022,
678,14,Extreme Fear,6/4/2022,
679,10,Extreme Fear,6/3/2022,
680,13,Extreme Fear,6/2/2022,
681,17,Extreme Fear,6/1/2022,
682,16,Extreme Fear,5/31/2022,
683,10,Extreme Fear,5/30/2022,
684,14,Extreme Fear,5/29/2022,
685,13,Extreme Fear,5/28/2022,
686,12,Extreme Fear,5/27/2022,
687,12,Extreme Fear,5/26/2022,
688,11,Extreme Fear,5/25/2022,
689,12,Extreme Fear,5/24/2022,
690,10,Extreme Fear,5/23/2022,
691,14,Extreme Fear,5/22/2022,
692,13,Extreme Fear,5/21/2022,
693,13,Extreme Fear,5/20/2022,
694,13,Extreme Fear,5/19/2022,
695,12,Extreme Fear,5/18/2022,
696,8,Extreme Fear,5/17/2022,
697,14,Extreme Fear,5/16/2022,
698,10,Extreme Fear,5/15/2022,
699,9,Extreme Fear,5/14/2022,
700,10,Extreme Fear,5/13/2022,
701,12,Extreme Fear,5/12/2022,
702,12,Extreme Fear,5/11/2022,
703,10,Extreme Fear,5/10/2022,
704,11,Extreme Fear,5/9/2022,
705,18,Extreme Fear,5/8/2022,
706,23,Extreme Fear,5/7/2022,
707,22,Extreme Fear,5/6/2022,
708,27,Fear,5/5/2022,
709,21,Extreme Fear,5/4/2022,
710,27,Fear,5/3/2022,
711,28,Fear,5/2/2022,
712,22,Extreme Fear,5/1/2022,
713,20,Extreme Fear,4/30/2022,
714,23,Extreme Fear,4/29/2022,
715,24,Extreme Fear,4/28/2022,
716,21,Extreme Fear,4/27/2022,
717,27,Fear,4/26/2022,
718,23,Extreme Fear,4/25/2022,
719,24,Extreme Fear,4/24/2022,
720,24,Extreme Fear,4/23/2022,
721,26,Fear,4/22/2022,
722,27,Fear,4/21/2022,
723,27,Fear,4/20/2022,
724,27,Fear,4/19/2022,
725,24,Extreme Fear,4/18/2022,
726,28,Fear,4/17/2022,
727,28,Fear,4/16/2022,
728,22,Extreme Fear,4/15/2022,
729,28,Fear,4/14/2022,
730,25,Extreme Fear,4/13/2022,
731,20,Extreme Fear,4/12/2022,
732,32,Fear,4/11/2022,
733,34,Fear,4/10/2022,
734,30,Fear,4/9/2022,
735,37,Fear,4/8/2022,
736,34,Fear,4/7/2022,
737,48,Neutral,4/6/2022,
738,53,Neutral,4/5/2022,
739,52,Neutral,4/4/2022,
740,48,Neutral,4/3/2022,
741,52,Neutral,4/2/2022,
742,50,Neutral,4/1/2022,
743,52,Neutral,3/31/2022,
744,55,Greed,3/30/2022,
745,56,Greed,3/29/2022,
746,60,Greed,3/28/2022,
747,49,Neutral,3/27/2022,
748,51,Neutral,3/26/2022,
749,47,Neutral,3/25/2022,
750,40,Fear,3/24/2022,
751,31,Fear,3/23/2022,
752,26,Fear,3/22/2022,
753,30,Fear,3/21/2022,
754,31,Fear,3/20/2022,
755,28,Fear,3/19/2022,
756,25,Extreme Fear,3/18/2022,
757,27,Fear,3/17/2022,
758,24,Extreme Fear,3/16/2022,
759,21,Extreme Fear,3/15/2022,
760,23,Extreme Fear,3/14/2022,
761,21,Extreme Fear,3/13/2022,
762,22,Extreme Fear,3/12/2022,
763,22,Extreme Fear,3/11/2022,
764,28,Fear,3/10/2022,
765,22,Extreme Fear,3/9/2022,
766,21,Extreme Fear,3/8/2022,
767,23,Extreme Fear,3/7/2022,
768,22,Extreme Fear,3/6/2022,
769,22,Extreme Fear,3/5/2022,
770,33,Fear,3/4/2022,
771,39,Fear,3/3/2022,
772,52,Neutral,3/2/2022,
773,51,Neutral,3/1/2022,
774,20,Extreme Fear,2/28/2022,
775,26,Fear,2/27/2022,
776,26,Fear,2/26/2022,
777,27,Fear,2/25/2022,
778,23,Extreme Fear,2/24/2022,
779,25,Extreme Fear,2/23/2022,
780,20,Extreme Fear,2/22/2022,
781,25,Extreme Fear,2/21/2022,
782,27,Fear,2/20/2022,
783,25,Extreme Fear,2/19/2022,
784,30,Fear,2/18/2022,
785,52,Neutral,2/17/2022,
786,51,Neutral,2/16/2022,
787,46,Fear,2/15/2022,
788,46,Fear,2/14/2022,
789,44,Fear,2/13/2022,
790,44,Fear,2/12/2022,
791,50,Neutral,2/11/2022,
792,50,Neutral,2/10/2022,
793,54,Neutral,2/9/2022,
794,48,Neutral,2/8/2022,
795,45,Fear,2/7/2022,
796,37,Fear,2/6/2022,
797,33,Fear,2/5/2022,
798,20,Extreme Fear,2/4/2022,
799,20,Extreme Fear,2/3/2022,
800,28,Fear,2/2/2022,
801,26,Fear,2/1/2022,
802,20,Extreme Fear,1/31/2022,
803,29,Fear,1/30/2022,
804,24,Extreme Fear,1/29/2022,
805,24,Extreme Fear,1/28/2022,
806,20,Extreme Fear,1/27/2022,
807,23,Extreme Fear,1/26/2022,
808,12,Extreme Fear,1/25/2022,
809,13,Extreme Fear,1/24/2022,
810,11,Extreme Fear,1/23/2022,
811,13,Extreme Fear,1/22/2022,
812,19,Extreme Fear,1/21/2022,
813,24,Extreme Fear,1/20/2022,
814,24,Extreme Fear,1/19/2022,
815,24,Extreme Fear,1/18/2022,
816,22,Extreme Fear,1/17/2022,
817,21,Extreme Fear,1/16/2022,
818,23,Extreme Fear,1/15/2022,
819,21,Extreme Fear,1/14/2022,
820,21,Extreme Fear,1/13/2022,
821,22,Extreme Fear,1/12/2022,
822,21,Extreme Fear,1/11/2022,
823,23,Extreme Fear,1/10/2022,
824,23,Extreme Fear,1/9/2022,
825,10,Extreme Fear,1/8/2022,
826,18,Extreme Fear,1/7/2022,
827,15,Extreme Fear,1/6/2022,
828,24,Extreme Fear,1/5/2022,
829,23,Extreme Fear,1/4/2022,
830,29,Fear,1/3/2022,
831,29,Fear,1/2/2022,
832,21,Extreme Fear,1/1/2022,
833,28,Fear,12/31/2021,
834,22,Extreme Fear,12/30/2021,
835,27,Fear,12/29/2021,
836,41,Fear,12/28/2021,
837,40,Fear,12/27/2021,
838,37,Fear,12/26/2021,
839,39,Fear,12/25/2021,
840,41,Fear,12/24/2021,
841,34,Fear,12/23/2021,
842,45,Fear,12/22/2021,
843,27,Fear,12/21/2021,
844,25,Extreme Fear,12/20/2021,
845,29,Fear,12/19/2021,
846,24,Extreme Fear,12/18/2021,
847,23,Extreme Fear,12/17/2021,
848,29,Fear,12/16/2021,
849,28,Fear,12/15/2021,
850,21,Extreme Fear,12/14/2021,
851,28,Fear,12/13/2021,
852,27,Fear,12/12/2021,
853,16,Extreme Fear,12/11/2021,
854,24,Extreme Fear,12/10/2021,
855,29,Fear,12/9/2021,
856,28,Fear,12/8/2021,
857,25,Extreme Fear,12/7/2021,
858,16,Extreme Fear,12/6/2021,
859,18,Extreme Fear,12/5/2021,
860,25,Extreme Fear,12/4/2021,
861,31,Fear,12/3/2021,
862,32,Fear,12/2/2021,
863,34,Fear,12/1/2021,
864,40,Fear,11/30/2021,
865,33,Fear,11/29/2021,
866,27,Fear,11/28/2021,
867,21,Extreme Fear,11/27/2021,
868,47,Neutral,11/26/2021,
869,32,Fear,11/25/2021,
870,42,Fear,11/24/2021,
871,33,Fear,11/23/2021,
872,50,Neutral,11/22/2021,
873,49,Neutral,11/21/2021,
874,43,Fear,11/20/2021,
875,34,Fear,11/19/2021,
876,54,Neutral,11/18/2021,
877,52,Neutral,11/17/2021,
878,71,Greed,11/16/2021,
879,72,Greed,11/15/2021,
880,74,Greed,11/14/2021,
881,72,Greed,11/13/2021,
882,74,Greed,11/12/2021,
883,77,Extreme Greed,11/11/2021,
884,75,Greed,11/10/2021,
885,84,Extreme Greed,11/9/2021,
886,75,Greed,11/8/2021,
887,73,Greed,11/7/2021,
888,71,Greed,11/6/2021,
889,73,Greed,11/5/2021,
890,73,Greed,11/4/2021,
891,76,Extreme Greed,11/3/2021,
892,73,Greed,11/2/2021,
893,74,Greed,11/1/2021,
894,74,Greed,10/31/2021,
895,73,Greed,10/30/2021,
896,70,Greed,10/29/2021,
897,66,Greed,10/28/2021,
898,73,Greed,10/27/2021,
899,76,Extreme Greed,10/26/2021,
900,72,Greed,10/25/2021,
901,73,Greed,10/24/2021,
902,74,Greed,10/23/2021,
903,75,Greed,10/22/2021,
904,84,Extreme Greed,10/21/2021,
905,82,Extreme Greed,10/20/2021,
906,75,Greed,10/19/2021,
907,78,Extreme Greed,10/18/2021,
908,79,Extreme Greed,10/17/2021,
909,78,Extreme Greed,10/16/2021,
910,71,Greed,10/15/2021,
911,70,Greed,10/14/2021,
912,70,Greed,10/13/2021,
913,78,Extreme Greed,10/12/2021,
914,71,Greed,10/11/2021,
915,71,Greed,10/10/2021,
916,72,Greed,10/9/2021,
917,74,Greed,10/8/2021,
918,76,Extreme Greed,10/7/2021,
919,68,Greed,10/6/2021,
920,59,Greed,10/5/2021,
921,54,Neutral,10/4/2021,
922,49,Neutral,10/3/2021,
923,54,Neutral,10/2/2021,
924,27,Fear,10/1/2021,
925,20,Extreme Fear,9/30/2021,
926,24,Extreme Fear,9/29/2021,
927,25,Extreme Fear,9/28/2021,
928,26,Fear,9/27/2021,
929,27,Fear,9/26/2021,
930,28,Fear,9/25/2021,
931,33,Fear,9/24/2021,
932,27,Fear,9/23/2021,
933,21,Extreme Fear,9/22/2021,
934,27,Fear,9/21/2021,
935,50,Neutral,9/20/2021,
936,53,Neutral,9/19/2021,
937,50,Neutral,9/18/2021,
938,48,Neutral,9/17/2021,
939,53,Neutral,9/16/2021,
940,49,Neutral,9/15/2021,
941,30,Fear,9/14/2021,
942,44,Fear,9/13/2021,
943,32,Fear,9/12/2021,
944,31,Fear,9/11/2021,
945,46,Fear,9/10/2021,
946,45,Fear,9/9/2021,
947,47,Neutral,9/8/2021,
948,79,Extreme Greed,9/7/2021,
949,79,Extreme Greed,9/6/2021,
950,73,Greed,9/5/2021,
951,72,Greed,9/4/2021,
952,74,Greed,9/3/2021,
953,74,Greed,9/2/2021,
954,71,Greed,9/1/2021,
955,73,Greed,8/31/2021,
956,73,Greed,8/30/2021,
957,72,Greed,8/29/2021,
958,78,Extreme Greed,8/28/2021,
959,71,Greed,8/27/2021,
960,75,Greed,8/26/2021,
961,73,Greed,8/25/2021,
962,79,Extreme Greed,8/24/2021,
963,79,Extreme Greed,8/23/2021,
964,76,Extreme Greed,8/22/2021,
965,78,Extreme Greed,8/21/2021,
966,70,Greed,8/20/2021,
967,70,Greed,8/19/2021,
968,73,Greed,8/18/2021,
969,72,Greed,8/17/2021,
970,72,Greed,8/16/2021,
971,71,Greed,8/15/2021,
972,76,Extreme Greed,8/14/2021,
973,70,Greed,8/13/2021,
974,70,Greed,8/12/2021,
975,70,Greed,8/11/2021,
976,71,Greed,8/10/2021,
977,65,Greed,8/9/2021,
978,74,Greed,8/8/2021,
979,69,Greed,8/7/2021,
980,52,Neutral,8/6/2021,
981,50,Neutral,8/5/2021,
982,42,Fear,8/4/2021,
983,48,Neutral,8/3/2021,
984,48,Neutral,8/2/2021,
985,60,Greed,8/1/2021,
986,60,Greed,7/31/2021,
987,53,Neutral,7/30/2021,
988,50,Neutral,7/29/2021,
989,50,Neutral,7/28/2021,
990,32,Fear,7/27/2021,
991,26,Fear,7/26/2021,
992,27,Fear,7/25/2021,
993,22,Extreme Fear,7/24/2021,
994,23,Extreme Fear,7/23/2021,
995,21,Extreme Fear,7/22/2021,
996,10,Extreme Fear,7/21/2021,
997,19,Extreme Fear,7/20/2021,
998,24,Extreme Fear,7/19/2021,
999,19,Extreme Fear,7/18/2021,
1000,15,Extreme Fear,7/17/2021,
1001,22,Extreme Fear,7/16/2021,
1002,20,Extreme Fear,7/15/2021,
1003,21,Extreme Fear,7/14/2021,
1004,20,Extreme Fear,7/13/2021,
1005,25,Extreme Fear,7/12/2021,
1006,20,Extreme Fear,7/11/2021,
1007,20,Extreme Fear,7/10/2021,
1008,20,Extreme Fear,7/9/2021,
1009,20,Extreme Fear,7/8/2021,
1010,28,Fear,7/7/2021,
1011,20,Extreme Fear,7/6/2021,
1012,29,Fear,7/5/2021,
1013,27,Fear,7/4/2021,
1014,24,Extreme Fear,7/3/2021,
1015,21,Extreme Fear,7/2/2021,
1016,28,Fear,7/1/2021,
1017,28,Fear,6/30/2021,
1018,25,Extreme Fear,6/29/2021,
1019,25,Extreme Fear,6/28/2021,
1020,22,Extreme Fear,6/27/2021,
1021,20,Extreme Fear,6/26/2021,
1022,27,Fear,6/25/2021,
1023,22,Extreme Fear,6/24/2021,
1024,14,Extreme Fear,6/23/2021,
1025,10,Extreme Fear,6/22/2021,
1026,23,Extreme Fear,6/21/2021,
1027,21,Extreme Fear,6/20/2021,
1028,23,Extreme Fear,6/19/2021,
1029,25,Extreme Fear,6/18/2021,
1030,26,Fear,6/17/2021,
1031,33,Fear,6/16/2021,
1032,38,Fear,6/15/2021,
1033,28,Fear,6/14/2021,
1034,23,Extreme Fear,6/13/2021,
1035,28,Fear,6/12/2021,
1036,21,Extreme Fear,6/11/2021,
1037,21,Extreme Fear,6/10/2021,
1038,14,Extreme Fear,6/9/2021,
1039,13,Extreme Fear,6/8/2021,
1040,15,Extreme Fear,6/7/2021,
1041,17,Extreme Fear,6/6/2021,
1042,24,Extreme Fear,6/5/2021,
1043,27,Fear,6/4/2021,
1044,24,Extreme Fear,6/3/2021,
1045,23,Extreme Fear,6/2/2021,
1046,20,Extreme Fear,6/1/2021,
1047,18,Extreme Fear,5/31/2021,
1048,10,Extreme Fear,5/30/2021,
1049,18,Extreme Fear,5/29/2021,
1050,21,Extreme Fear,5/28/2021,
1051,27,Fear,5/27/2021,
1052,22,Extreme Fear,5/26/2021,
1053,22,Extreme Fear,5/25/2021,
1054,10,Extreme Fear,5/24/2021,
1055,14,Extreme Fear,5/23/2021,
1056,12,Extreme Fear,5/22/2021,
1057,19,Extreme Fear,5/21/2021,
1058,11,Extreme Fear,5/20/2021,
1059,23,Extreme Fear,5/19/2021,
1060,21,Extreme Fear,5/18/2021,
1061,27,Fear,5/17/2021,
1062,20,Extreme Fear,5/16/2021,
1063,27,Fear,5/15/2021,
1064,26,Fear,5/14/2021,
1065,31,Fear,5/13/2021,
1066,68,Greed,5/12/2021,
1067,61,Greed,5/11/2021,
1068,72,Greed,5/10/2021,
1069,73,Greed,5/9/2021,
1070,67,Greed,5/8/2021,
1071,64,Greed,5/7/2021,
1072,65,Greed,5/6/2021,
1073,48,Neutral,5/5/2021,
1074,68,Greed,5/4/2021,
1075,61,Greed,5/3/2021,
1076,66,Greed,5/2/2021,
1077,68,Greed,5/1/2021,
1078,51,Neutral,4/30/2021,
1079,52,Neutral,4/29/2021,
1080,59,Greed,4/28/2021,
1081,50,Neutral,4/27/2021,
1082,27,Fear,4/26/2021,
1083,31,Fear,4/25/2021,
1084,37,Fear,4/24/2021,
1085,55,Greed,4/23/2021,
1086,65,Greed,4/22/2021,
1087,73,Greed,4/21/2021,
1088,73,Greed,4/20/2021,
1089,74,Greed,4/19/2021,
1090,79,Extreme Greed,4/18/2021,
1091,76,Extreme Greed,4/17/2021,
1092,78,Extreme Greed,4/16/2021,
1093,79,Extreme Greed,4/15/2021,
1094,75,Greed,4/14/2021,
1095,74,Greed,4/13/2021,
1096,74,Greed,4/12/2021,
1097,76,Extreme Greed,4/11/2021,
1098,70,Greed,4/10/2021,
1099,70,Greed,4/9/2021,
1100,73,Greed,4/8/2021,
1101,72,Greed,4/7/2021,
1102,75,Greed,4/6/2021,
1103,71,Greed,4/5/2021,
1104,74,Greed,4/4/2021,
1105,73,Greed,4/3/2021,
1106,74,Greed,4/2/2021,
1107,74,Greed,4/1/2021,
1108,76,Extreme Greed,3/31/2021,
1109,72,Greed,3/30/2021,
1110,72,Greed,3/29/2021,
1111,74,Greed,3/28/2021,
1112,65,Greed,3/27/2021,
1113,54,Neutral,3/26/2021,
1114,60,Greed,3/25/2021,
1115,65,Greed,3/24/2021,
1116,66,Greed,3/23/2021,
1117,70,Greed,3/22/2021,
1118,73,Greed,3/21/2021,
1119,75,Greed,3/20/2021,
1120,71,Greed,3/19/2021,
1121,72,Greed,3/18/2021,
1122,71,Greed,3/17/2021,
1123,71,Greed,3/16/2021,
1124,76,Extreme Greed,3/15/2021,
1125,78,Extreme Greed,3/14/2021,
1126,74,Greed,3/13/2021,
1127,70,Greed,3/12/2021,
1128,73,Greed,3/11/2021,
1129,68,Greed,3/10/2021,
1130,81,Extreme Greed,3/9/2021,
1131,81,Extreme Greed,3/8/2021,
1132,76,Extreme Greed,3/7/2021,
1133,77,Extreme Greed,3/6/2021,
1134,77,Extreme Greed,3/5/2021,
1135,84,Extreme Greed,3/4/2021,
1136,78,Extreme Greed,3/3/2021,
1137,78,Extreme Greed,3/2/2021,
1138,38,Fear,3/1/2021,
1139,55,Greed,2/28/2021,
1140,56,Greed,2/27/2021,
1141,55,Greed,2/26/2021,
1142,79,Extreme Greed,2/25/2021,
1143,76,Extreme Greed,2/24/2021,
1144,94,Extreme Greed,2/23/2021,
1145,94,Extreme Greed,2/22/2021,
1146,91,Extreme Greed,2/21/2021,
1147,91,Extreme Greed,2/20/2021,
1148,93,Extreme Greed,2/19/2021,
1149,91,Extreme Greed,2/18/2021,
1150,95,Extreme Greed,2/17/2021,
1151,95,Extreme Greed,2/16/2021,
1152,93,Extreme Greed,2/15/2021,
1153,95,Extreme Greed,2/14/2021,
1154,92,Extreme Greed,2/13/2021,
1155,92,Extreme Greed,2/12/2021,
1156,93,Extreme Greed,2/11/2021,
1157,92,Extreme Greed,2/10/2021,
1158,95,Extreme Greed,2/9/2021,
1159,83,Extreme Greed,2/8/2021,
1160,86,Extreme Greed,2/7/2021,
1161,84,Extreme Greed,2/6/2021,
1162,81,Extreme Greed,2/5/2021,
1163,80,Extreme Greed,2/4/2021,
1164,78,Extreme Greed,2/3/2021,
1165,76,Extreme Greed,2/2/2021,
1166,77,Extreme Greed,2/1/2021,
1167,78,Extreme Greed,1/31/2021,
1168,76,Extreme Greed,1/30/2021,
1169,77,Extreme Greed,1/29/2021,
1170,55,Greed,1/28/2021,
1171,78,Extreme Greed,1/27/2021,
1172,71,Greed,1/26/2021,
1173,74,Greed,1/25/2021,
1174,70,Greed,1/24/2021,
1175,74,Greed,1/23/2021,
1176,40,Fear,1/22/2021,
1177,75,Greed,1/21/2021,
1178,78,Extreme Greed,1/20/2021,
1179,80,Extreme Greed,1/19/2021,
1180,79,Extreme Greed,1/18/2021,
1181,79,Extreme Greed,1/17/2021,
1182,84,Extreme Greed,1/16/2021,
1183,88,Extreme Greed,1/15/2021,
1184,83,Extreme Greed,1/14/2021,
1185,78,Extreme Greed,1/13/2021,
1186,84,Extreme Greed,1/12/2021,
1187,90,Extreme Greed,1/11/2021,
1188,94,Extreme Greed,1/10/2021,
1189,93,Extreme Greed,1/9/2021,
1190,93,Extreme Greed,1/8/2021,
1191,91,Extreme Greed,1/7/2021,
1192,95,Extreme Greed,1/6/2021,
1193,93,Extreme Greed,1/5/2021,
1194,94,Extreme Greed,1/4/2021,
1195,93,Extreme Greed,1/3/2021,
1196,94,Extreme Greed,1/2/2021,
1197,94,Extreme Greed,1/1/2021,
1198,95,Extreme Greed,12/31/2020,
1199,91,Extreme Greed,12/30/2020,
1200,91,Extreme Greed,12/29/2020,
1201,92,Extreme Greed,12/28/2020,
1202,91,Extreme Greed,12/27/2020,
1203,93,Extreme Greed,12/26/2020,
1204,94,Extreme Greed,12/25/2020,
1205,86,Extreme Greed,12/24/2020,
1206,93,Extreme Greed,12/23/2020,
1207,88,Extreme Greed,12/22/2020,
1208,92,Extreme Greed,12/21/2020,
1209,92,Extreme Greed,12/20/2020,
1210,93,Extreme Greed,12/19/2020,
1211,95,Extreme Greed,12/18/2020,
1212,92,Extreme Greed,12/17/2020,
1213,92,Extreme Greed,12/16/2020,
1214,91,Extreme Greed,12/15/2020,
1215,95,Extreme Greed,12/14/2020,
1216,91,Extreme Greed,12/13/2020,
1217,90,Extreme Greed,12/12/2020,
1218,89,Extreme Greed,12/11/2020,
1219,94,Extreme Greed,12/10/2020,
1220,86,Extreme Greed,12/9/2020,
1221,95,Extreme Greed,12/8/2020,
1222,94,Extreme Greed,12/7/2020,
1223,95,Extreme Greed,12/6/2020,
1224,93,Extreme Greed,12/5/2020,
1225,92,Extreme Greed,12/4/2020,
1226,92,Extreme Greed,12/3/2020,
1227,92,Extreme Greed,12/2/2020,
1228,95,Extreme Greed,12/1/2020,
1229,88,Extreme Greed,11/30/2020,
1230,89,Extreme Greed,11/29/2020,
1231,87,Extreme Greed,11/28/2020,
1232,86,Extreme Greed,11/27/2020,
1233,93,Extreme Greed,11/26/2020,
1234,94,Extreme Greed,11/25/2020,
1235,88,Extreme Greed,11/24/2020,
1236,90,Extreme Greed,11/23/2020,
1237,94,Extreme Greed,11/22/2020,
1238,91,Extreme Greed,11/21/2020,
1239,86,Extreme Greed,11/20/2020,
1240,94,Extreme Greed,11/19/2020,
1241,91,Extreme Greed,11/18/2020,
1242,86,Extreme Greed,11/17/2020,
1243,90,Extreme Greed,11/16/2020,
1244,86,Extreme Greed,11/15/2020,
1245,90,Extreme Greed,11/14/2020,
1246,89,Extreme Greed,11/13/2020,
1247,87,Extreme Greed,11/12/2020,
1248,86,Extreme Greed,11/11/2020,
1249,90,Extreme Greed,11/10/2020,
1250,90,Extreme Greed,11/9/2020,
1251,82,Extreme Greed,11/8/2020,
1252,88,Extreme Greed,11/7/2020,
1253,90,Extreme Greed,11/6/2020,
1254,72,Greed,11/5/2020,
1255,74,Greed,11/4/2020,
1256,71,Greed,11/3/2020,
1257,71,Greed,11/2/2020,
1258,72,Greed,11/1/2020,
1259,73,Greed,10/31/2020,
1260,74,Greed,10/30/2020,
1261,67,Greed,10/29/2020,
1262,70,Greed,10/28/2020,
1263,61,Greed,10/27/2020,
1264,75,Greed,10/26/2020,
1265,76,Extreme Greed,10/25/2020,
1266,73,Greed,10/24/2020,
1267,74,Greed,10/23/2020,
1268,73,Greed,10/22/2020,
1269,61,Greed,10/21/2020,
1270,56,Greed,10/20/2020,
1271,55,Greed,10/19/2020,
1272,55,Greed,10/18/2020,
1273,56,Greed,10/17/2020,
1274,52,Neutral,10/16/2020,
1275,56,Greed,10/15/2020,
1276,53,Neutral,10/14/2020,
1277,56,Greed,10/13/2020,
1278,52,Neutral,10/12/2020,
1279,55,Greed,10/11/2020,
1280,53,Neutral,10/10/2020,
1281,48,Neutral,10/9/2020,
1282,46,Fear,10/8/2020,
1283,43,Fear,10/7/2020,
1284,47,Neutral,10/6/2020,
1285,42,Fear,10/5/2020,
1286,42,Fear,10/4/2020,
1287,40,Fear,10/3/2020,
1288,41,Fear,10/2/2020,
1289,45,Fear,10/1/2020,
1290,49,Neutral,9/30/2020,
1291,45,Fear,9/29/2020,
1292,43,Fear,9/28/2020,
1293,47,Neutral,9/27/2020,
1294,45,Fear,9/26/2020,
1295,46,Fear,9/25/2020,
1296,39,Fear,9/24/2020,
1297,43,Fear,9/23/2020,
1298,39,Fear,9/22/2020,
1299,48,Neutral,9/21/2020,
1300,52,Neutral,9/20/2020,
1301,48,Neutral,9/19/2020,
1302,49,Neutral,9/18/2020,
1303,48,Neutral,9/17/2020,
1304,43,Fear,9/16/2020,
1305,47,Neutral,9/15/2020,
1306,39,Fear,9/14/2020,
1307,38,Fear,9/13/2020,
1308,41,Fear,9/12/2020,
1309,41,Fear,9/11/2020,
1310,38,Fear,9/10/2020,
1311,38,Fear,9/9/2020,
1312,41,Fear,9/8/2020,
1313,41,Fear,9/7/2020,
1314,41,Fear,9/6/2020,
1315,41,Fear,9/5/2020,
1316,40,Fear,9/4/2020,
1317,79,Extreme Greed,9/3/2020,
1318,83,Extreme Greed,9/2/2020,
1319,75,Greed,9/1/2020,
1320,75,Greed,8/31/2020,
1321,75,Greed,8/30/2020,
1322,79,Extreme Greed,8/29/2020,
1323,74,Greed,8/28/2020,
1324,75,Greed,8/27/2020,
1325,76,Extreme Greed,8/26/2020,
1326,75,Greed,8/25/2020,
1327,78,Extreme Greed,8/24/2020,
1328,76,Extreme Greed,8/23/2020,
1329,78,Extreme Greed,8/22/2020,
1330,81,Extreme Greed,8/21/2020,
1331,75,Greed,8/20/2020,
1332,80,Extreme Greed,8/19/2020,
1333,82,Extreme Greed,8/18/2020,
1334,83,Extreme Greed,8/17/2020,
1335,82,Extreme Greed,8/16/2020,
1336,79,Extreme Greed,8/15/2020,
1337,78,Extreme Greed,8/14/2020,
1338,75,Greed,8/13/2020,
1339,75,Greed,8/12/2020,
1340,84,Extreme Greed,8/11/2020,
1341,78,Extreme Greed,8/10/2020,
1342,79,Extreme Greed,8/9/2020,
1343,77,Extreme Greed,8/8/2020,
1344,77,Extreme Greed,8/7/2020,
1345,79,Extreme Greed,8/6/2020,
1346,75,Greed,8/5/2020,
1347,72,Greed,8/4/2020,
1348,75,Greed,8/3/2020,
1349,80,Extreme Greed,8/2/2020,
1350,75,Greed,8/1/2020,
1351,75,Greed,7/31/2020,
1352,76,Extreme Greed,7/30/2020,
1353,71,Greed,7/29/2020,
1354,76,Extreme Greed,7/28/2020,
1355,58,Greed,7/27/2020,
1356,55,Greed,7/26/2020,
1357,55,Greed,7/25/2020,
1358,53,Neutral,7/24/2020,
1359,55,Greed,7/23/2020,
1360,50,Neutral,7/22/2020,
1361,44,Fear,7/21/2020,
1362,44,Fear,7/20/2020,
1363,41,Fear,7/19/2020,
1364,44,Fear,7/18/2020,
1365,41,Fear,7/17/2020,
1366,43,Fear,7/16/2020,
1367,44,Fear,7/15/2020,
1368,43,Fear,7/14/2020,
1369,43,Fear,7/13/2020,
1370,41,Fear,7/12/2020,
1371,44,Fear,7/11/2020,
1372,41,Fear,7/10/2020,
1373,44,Fear,7/9/2020,
1374,44,Fear,7/8/2020,
1375,43,Fear,7/7/2020,
1376,40,Fear,7/6/2020,
1377,38,Fear,7/5/2020,
1378,40,Fear,7/4/2020,
1379,41,Fear,7/3/2020,
1380,42,Fear,7/2/2020,
1381,42,Fear,7/1/2020,
1382,44,Fear,6/30/2020,
1383,41,Fear,6/29/2020,
1384,40,Fear,6/28/2020,
1385,43,Fear,6/27/2020,
1386,40,Fear,6/26/2020,
1387,43,Fear,6/25/2020,
1388,50,Neutral,6/24/2020,
1389,41,Fear,6/23/2020,
1390,38,Fear,6/22/2020,
1391,37,Fear,6/21/2020,
1392,38,Fear,6/20/2020,
1393,39,Fear,6/19/2020,
1394,40,Fear,6/18/2020,
1395,38,Fear,6/17/2020,
1396,39,Fear,6/16/2020,
1397,37,Fear,6/15/2020,
1398,40,Fear,6/14/2020,
1399,38,Fear,6/13/2020,
1400,38,Fear,6/12/2020,
1401,52,Neutral,6/11/2020,
1402,54,Neutral,6/10/2020,
1403,52,Neutral,6/9/2020,
1404,53,Neutral,6/8/2020,
1405,54,Neutral,6/7/2020,
1406,54,Neutral,6/6/2020,
1407,53,Neutral,6/5/2020,
1408,54,Neutral,6/4/2020,
1409,48,Neutral,6/3/2020,
1410,56,Greed,6/2/2020,
1411,50,Neutral,6/1/2020,
1412,51,Neutral,5/31/2020,
1413,48,Neutral,5/30/2020,
1414,48,Neutral,5/29/2020,
1415,41,Fear,5/28/2020,
1416,39,Fear,5/27/2020,
1417,39,Fear,5/26/2020,
1418,41,Fear,5/25/2020,
1419,43,Fear,5/24/2020,
1420,40,Fear,5/23/2020,
1421,42,Fear,5/22/2020,
1422,49,Neutral,5/21/2020,
1423,52,Neutral,5/20/2020,
1424,50,Neutral,5/19/2020,
1425,50,Neutral,5/18/2020,
1426,40,Fear,5/17/2020,
1427,41,Fear,5/16/2020,
1428,44,Fear,5/15/2020,
1429,40,Fear,5/14/2020,
1430,41,Fear,5/13/2020,
1431,39,Fear,5/12/2020,
1432,40,Fear,5/11/2020,
1433,48,Neutral,5/10/2020,
1434,56,Greed,5/9/2020,
1435,55,Greed,5/8/2020,
1436,49,Neutral,5/7/2020,
1437,42,Fear,5/6/2020,
1438,40,Fear,5/5/2020,
1439,44,Fear,5/4/2020,
1440,45,Fear,5/3/2020,
1441,40,Fear,5/2/2020,
1442,40,Fear,5/1/2020,
1443,44,Fear,4/30/2020,
1444,26,Fear,4/29/2020,
1445,26,Fear,4/28/2020,
1446,28,Fear,4/27/2020,
1447,21,Extreme Fear,4/26/2020,
1448,24,Extreme Fear,4/25/2020,
1449,20,Extreme Fear,4/24/2020,
1450,19,Extreme Fear,4/23/2020,
1451,19,Extreme Fear,4/22/2020,
1452,17,Extreme Fear,4/21/2020,
1453,15,Extreme Fear,4/20/2020,
1454,16,Extreme Fear,4/19/2020,
1455,18,Extreme Fear,4/18/2020,
1456,15,Extreme Fear,4/17/2020,
1457,13,Extreme Fear,4/16/2020,
1458,18,Extreme Fear,4/15/2020,
1459,15,Extreme Fear,4/14/2020,
1460,11,Extreme Fear,4/13/2020,
1461,10,Extreme Fear,4/12/2020,
1462,15,Extreme Fear,4/11/2020,
1463,15,Extreme Fear,4/10/2020,
1464,22,Extreme Fear,4/9/2020,
1465,21,Extreme Fear,4/8/2020,
1466,20,Extreme Fear,4/7/2020,
1467,12,Extreme Fear,4/6/2020,
1468,12,Extreme Fear,4/5/2020,
1469,12,Extreme Fear,4/4/2020,
1470,14,Extreme Fear,4/3/2020,
1471,14,Extreme Fear,4/2/2020,
1472,12,Extreme Fear,4/1/2020,
1473,12,Extreme Fear,3/31/2020,
1474,10,Extreme Fear,3/30/2020,
1475,12,Extreme Fear,3/29/2020,
1476,8,Extreme Fear,3/28/2020,
1477,12,Extreme Fear,3/27/2020,
1478,14,Extreme Fear,3/26/2020,
1479,13,Extreme Fear,3/25/2020,
1480,12,Extreme Fear,3/24/2020,
1481,10,Extreme Fear,3/23/2020,
1482,11,Extreme Fear,3/22/2020,
1483,9,Extreme Fear,3/21/2020,
1484,9,Extreme Fear,3/20/2020,
1485,12,Extreme Fear,3/19/2020,
1486,11,Extreme Fear,3/18/2020,
1487,8,Extreme Fear,3/17/2020,
1488,9,Extreme Fear,3/16/2020,
1489,12,Extreme Fear,3/15/2020,
1490,8,Extreme Fear,3/14/2020,
1491,10,Extreme Fear,3/13/2020,
1492,14,Extreme Fear,3/12/2020,
1493,17,Extreme Fear,3/11/2020,
1494,16,Extreme Fear,3/10/2020,
1495,17,Extreme Fear,3/9/2020,
1496,33,Fear,3/8/2020,
1497,38,Fear,3/7/2020,
1498,39,Fear,3/6/2020,
1499,41,Fear,3/5/2020,
1500,40,Fear,3/4/2020,
1501,38,Fear,3/3/2020,
1502,38,Fear,3/2/2020,
1503,39,Fear,3/1/2020,
1504,38,Fear,2/29/2020,
1505,40,Fear,2/28/2020,
1506,39,Fear,2/27/2020,
1507,41,Fear,2/26/2020,
1508,44,Fear,2/25/2020,
1509,46,Fear,2/24/2020,
1510,46,Fear,2/23/2020,
1511,43,Fear,2/22/2020,
1512,44,Fear,2/21/2020,
1513,44,Fear,2/20/2020,
1514,50,Neutral,2/19/2020,
1515,53,Neutral,2/18/2020,
1516,49,Neutral,2/17/2020,
1517,59,Greed,2/16/2020,
1518,64,Greed,2/15/2020,
1519,63,Greed,2/14/2020,
1520,65,Greed,2/13/2020,
1521,61,Greed,2/12/2020,
1522,52,Neutral,2/11/2020,
1523,57,Greed,2/10/2020,
1524,56,Greed,2/9/2020,
1525,56,Greed,2/8/2020,
1526,56,Greed,2/7/2020,
1527,61,Greed,2/6/2020,
1528,53,Neutral,2/5/2020,
1529,56,Greed,2/4/2020,
1530,59,Greed,2/3/2020,
1531,57,Greed,2/2/2020,
1532,57,Greed,2/1/2020,
1533,55,Greed,1/31/2020,
1534,57,Greed,1/30/2020,
1535,57,Greed,1/29/2020,
1536,54,Neutral,1/28/2020,
1537,50,Neutral,1/27/2020,
1538,42,Fear,1/26/2020,
1539,41,Fear,1/25/2020,
1540,40,Fear,1/24/2020,
1541,49,Neutral,1/23/2020,
1542,52,Neutral,1/22/2020,
1543,49,Neutral,1/21/2020,
1544,48,Neutral,1/20/2020,
1545,53,Neutral,1/19/2020,
1546,51,Neutral,1/18/2020,
1547,54,Neutral,1/17/2020,
1548,55,Greed,1/16/2020,
1549,54,Neutral,1/15/2020,
1550,56,Greed,1/14/2020,
1551,49,Neutral,1/13/2020,
1552,45,Fear,1/12/2020,
1553,50,Neutral,1/11/2020,
1554,41,Fear,1/10/2020,
1555,44,Fear,1/9/2020,
1556,51,Neutral,1/8/2020,
1557,40,Fear,1/7/2020,
1558,41,Fear,1/6/2020,
1559,39,Fear,1/5/2020,
1560,38,Fear,1/4/2020,
1561,38,Fear,1/3/2020,
1562,39,Fear,1/2/2020,
1563,37,Fear,1/1/2020,
1564,38,Fear,12/31/2019,
1565,40,Fear,12/30/2019,
1566,37,Fear,12/29/2019,
1567,37,Fear,12/28/2019,
1568,38,Fear,12/27/2019,
1569,39,Fear,12/26/2019,
1570,22,Extreme Fear,12/25/2019,
1571,25,Extreme Fear,12/24/2019,
1572,33,Fear,12/23/2019,
1573,20,Extreme Fear,12/22/2019,
1574,23,Extreme Fear,12/21/2019,
1575,23,Extreme Fear,12/20/2019,
1576,21,Extreme Fear,12/19/2019,
1577,15,Extreme Fear,12/18/2019,
1578,23,Extreme Fear,12/17/2019,
1579,24,Extreme Fear,12/16/2019,
1580,21,Extreme Fear,12/15/2019,
1581,27,Fear,12/14/2019,
1582,22,Extreme Fear,12/13/2019,
1583,23,Extreme Fear,12/12/2019,
1584,20,Extreme Fear,12/11/2019,
1585,26,Fear,12/10/2019,
1586,32,Fear,12/9/2019,
1587,28,Fear,12/8/2019,
1588,32,Fear,12/7/2019,
1589,29,Fear,12/6/2019,
1590,21,Extreme Fear,12/5/2019,
1591,24,Extreme Fear,12/4/2019,
1592,28,Fear,12/3/2019,
1593,28,Fear,12/2/2019,
1594,25,Extreme Fear,12/1/2019,
1595,38,Fear,11/30/2019,
1596,31,Fear,11/29/2019,
1597,32,Fear,11/28/2019,
1598,20,Extreme Fear,11/27/2019,
1599,21,Extreme Fear,11/26/2019,
1600,17,Extreme Fear,11/25/2019,
1601,21,Extreme Fear,11/24/2019,
1602,23,Extreme Fear,11/23/2019,
1603,20,Extreme Fear,11/22/2019,
1604,30,Fear,11/21/2019,
1605,32,Fear,11/20/2019,
1606,32,Fear,11/19/2019,
1607,38,Fear,11/18/2019,
1608,38,Fear,11/17/2019,
1609,41,Fear,11/16/2019,
1610,38,Fear,11/15/2019,
1611,41,Fear,11/14/2019,
1612,38,Fear,11/13/2019,
1613,39,Fear,11/12/2019,
1614,40,Fear,11/11/2019,
1615,39,Fear,11/10/2019,
1616,38,Fear,11/9/2019,
1617,42,Fear,11/8/2019,
1618,54,Neutral,11/7/2019,
1619,53,Neutral,11/6/2019,
1620,54,Neutral,11/5/2019,
1621,49,Neutral,11/4/2019,
1622,56,Greed,11/3/2019,
1623,51,Neutral,11/2/2019,
1624,49,Neutral,11/1/2019,
1625,50,Neutral,10/31/2019,
1626,53,Neutral,10/30/2019,
1627,54,Neutral,10/29/2019,
1628,52,Neutral,10/28/2019,
1629,50,Neutral,10/27/2019,
1630,53,Neutral,10/26/2019,
1631,24,Extreme Fear,10/25/2019,
1632,20,Extreme Fear,10/24/2019,
1633,33,Fear,10/23/2019,
1634,39,Fear,10/22/2019,
1635,37,Fear,10/21/2019,
1636,37,Fear,10/20/2019,
1637,41,Fear,10/19/2019,
1638,40,Fear,10/18/2019,
1639,40,Fear,10/17/2019,
1640,40,Fear,10/16/2019,
1641,39,Fear,10/15/2019,
1642,37,Fear,10/14/2019,
1643,38,Fear,10/13/2019,
1644,38,Fear,10/12/2019,
1645,39,Fear,10/11/2019,
1646,41,Fear,10/10/2019,
1647,37,Fear,10/9/2019,
1648,39,Fear,10/8/2019,
1649,27,Fear,10/7/2019,
1650,32,Fear,10/6/2019,
1651,31,Fear,10/5/2019,
1652,30,Fear,10/4/2019,
1653,37,Fear,10/3/2019,
1654,39,Fear,10/2/2019,
1655,38,Fear,10/1/2019,
1656,27,Fear,9/30/2019,
1657,33,Fear,9/29/2019,
1658,32,Fear,9/28/2019,
1659,24,Extreme Fear,9/27/2019,
1660,12,Extreme Fear,9/26/2019,
1661,15,Extreme Fear,9/25/2019,
1662,39,Fear,9/24/2019,
1663,41,Fear,9/23/2019,
1664,37,Fear,9/22/2019,
1665,37,Fear,9/21/2019,
1666,41,Fear,9/20/2019,
1667,31,Fear,9/19/2019,
1668,38,Fear,9/18/2019,
1669,41,Fear,9/17/2019,
1670,38,Fear,9/16/2019,
1671,38,Fear,9/15/2019,
1672,39,Fear,9/14/2019,
1673,38,Fear,9/13/2019,
1674,39,Fear,9/12/2019,
1675,38,Fear,9/11/2019,
1676,41,Fear,9/10/2019,
1677,41,Fear,9/9/2019,
1678,43,Fear,9/8/2019,
1679,39,Fear,9/7/2019,
1680,43,Fear,9/6/2019,
1681,41,Fear,9/5/2019,
1682,43,Fear,9/4/2019,
1683,41,Fear,9/3/2019,
1684,28,Fear,9/2/2019,
1685,24,Extreme Fear,9/1/2019,
1686,20,Extreme Fear,8/31/2019,
1687,24,Extreme Fear,8/30/2019,
1688,20,Extreme Fear,8/29/2019,
1689,32,Fear,8/28/2019,
1690,30,Fear,8/27/2019,
1691,41,Fear,8/26/2019,
1692,33,Fear,8/25/2019,
1693,39,Fear,8/24/2019,
1694,33,Fear,8/23/2019,
1695,5,Extreme Fear,8/22/2019,
1696,11,Extreme Fear,8/21/2019,
1697,39,Fear,8/20/2019,
1698,30,Fear,8/19/2019,
1699,14,Extreme Fear,8/18/2019,
1700,20,Extreme Fear,8/17/2019,
1701,31,Fear,8/16/2019,
1702,13,Extreme Fear,8/15/2019,
1703,11,Extreme Fear,8/14/2019,
1704,45,Fear,8/13/2019,
1705,48,Neutral,8/12/2019,
1706,45,Fear,8/11/2019,
1707,59,Greed,8/10/2019,
1708,60,Greed,8/9/2019,
1709,61,Greed,8/8/2019,
1710,45,Fear,8/7/2019,
1711,66,Greed,8/6/2019,
1712,64,Greed,8/5/2019,
1713,62,Greed,8/4/2019,
1714,61,Greed,8/3/2019,
1715,61,Greed,8/2/2019,
1716,57,Greed,8/1/2019,
1717,31,Fear,7/31/2019,
1718,22,Extreme Fear,7/30/2019,
1719,19,Extreme Fear,7/29/2019,
1720,16,Extreme Fear,7/28/2019,
1721,47,Neutral,7/27/2019,
1722,24,Extreme Fear,7/26/2019,
1723,42,Fear,7/25/2019,
1724,20,Extreme Fear,7/24/2019,
1725,40,Fear,7/23/2019,
1726,42,Fear,7/22/2019,
1727,42,Fear,7/21/2019,
1728,34,Fear,7/20/2019,
1729,42,Fear,7/19/2019,
1730,40,Fear,7/18/2019,
1731,19,Extreme Fear,7/17/2019,
1732,34,Fear,7/16/2019,
1733,16,Extreme Fear,7/15/2019,
1734,61,Greed,7/14/2019,
1735,65,Greed,7/13/2019,
1736,33,Fear,7/12/2019,
1737,62,Greed,7/11/2019,
1738,83,Extreme Greed,7/10/2019,
1739,84,Extreme Greed,7/9/2019,
1740,74,Greed,7/8/2019,
1741,67,Greed,7/7/2019,
1742,72,Greed,7/6/2019,
1743,67,Greed,7/5/2019,
1744,76,Extreme Greed,7/4/2019,
1745,79,Extreme Greed,7/3/2019,
1746,63,Greed,7/2/2019,
1747,65,Greed,7/1/2019,
1748,78,Extreme Greed,6/30/2019,
1749,74,Greed,6/29/2019,
1750,62,Greed,6/28/2019,
1751,92,Extreme Greed,6/27/2019,
1752,95,Extreme Greed,6/26/2019,
1753,87,Extreme Greed,6/25/2019,
1754,80,Extreme Greed,6/24/2019,
1755,84,Extreme Greed,6/23/2019,
1756,83,Extreme Greed,6/22/2019,
1757,84,Extreme Greed,6/21/2019,
1758,81,Extreme Greed,6/20/2019,
1759,82,Extreme Greed,6/19/2019,
1760,83,Extreme Greed,6/18/2019,
1761,84,Extreme Greed,6/17/2019,
1762,80,Extreme Greed,6/16/2019,
1763,75,Greed,6/15/2019,
1764,67,Greed,6/14/2019,
1765,63,Greed,6/13/2019,
1766,60,Greed,6/12/2019,
1767,61,Greed,6/11/2019,
1768,46,Fear,6/10/2019,
1769,62,Greed,6/9/2019,
1770,62,Greed,6/8/2019,
1771,27,Fear,6/7/2019,
1772,34,Fear,6/6/2019,
1773,27,Fear,6/5/2019,
1774,42,Fear,6/4/2019,
1775,66,Greed,6/3/2019,
1776,63,Greed,6/2/2019,
1777,62,Greed,6/1/2019,
1778,61,Greed,5/31/2019,
1779,73,Greed,5/30/2019,
1780,71,Greed,5/29/2019,
1781,71,Greed,5/28/2019,
1782,70,Greed,5/27/2019,
1783,67,Greed,5/26/2019,
1784,69,Greed,5/25/2019,
1785,64,Greed,5/24/2019,
1786,65,Greed,5/23/2019,
1787,69,Greed,5/22/2019,
1788,68,Greed,5/21/2019,
1789,73,Greed,5/20/2019,
1790,70,Greed,5/19/2019,
1791,67,Greed,5/18/2019,
1792,65,Greed,5/17/2019,
1793,75,Greed,5/16/2019,
1794,77,Extreme Greed,5/15/2019,
1795,78,Extreme Greed,5/14/2019,
1796,78,Extreme Greed,5/13/2019,
1797,75,Greed,5/12/2019,
1798,76,Extreme Greed,5/11/2019,
1799,71,Greed,5/10/2019,
1800,69,Greed,5/9/2019,
1801,63,Greed,5/8/2019,
1802,69,Greed,5/7/2019,
1803,57,Greed,5/6/2019,
1804,67,Greed,5/5/2019,
1805,66,Greed,5/4/2019,
1806,63,Greed,5/3/2019,
1807,50,Neutral,5/2/2019,
1808,51,Neutral,5/1/2019,
1809,42,Fear,4/30/2019,
1810,42,Fear,4/29/2019,
1811,40,Fear,4/28/2019,
1812,42,Fear,4/27/2019,
1813,41,Fear,4/26/2019,
1814,58,Greed,4/25/2019,
1815,65,Greed,4/24/2019,
1816,68,Greed,4/23/2019,
1817,61,Greed,4/22/2019,
1818,62,Greed,4/21/2019,
1819,62,Greed,4/20/2019,
1820,61,Greed,4/19/2019,
1821,64,Greed,4/18/2019,
1822,61,Greed,4/17/2019,
1823,50,Neutral,4/16/2019,
1824,60,Greed,4/15/2019,
1825,51,Neutral,4/14/2019,
1826,62,Greed,4/13/2019,
1827,42,Fear,4/12/2019,
1828,65,Greed,4/11/2019,
1829,62,Greed,4/10/2019,
1830,64,Greed,4/9/2019,
1831,65,Greed,4/8/2019,
1832,69,Greed,4/7/2019,
1833,65,Greed,4/6/2019,
1834,59,Greed,4/5/2019,
1835,61,Greed,4/4/2019,
1836,71,Greed,4/3/2019,
1837,60,Greed,4/2/2019,
1838,62,Greed,4/1/2019,
1839,56,Greed,3/31/2019,
1840,57,Greed,3/30/2019,
1841,50,Neutral,3/29/2019,
1842,49,Neutral,3/28/2019,
1843,44,Fear,3/27/2019,
1844,43,Fear,3/26/2019,
1845,46,Fear,3/25/2019,
1846,44,Fear,3/24/2019,
1847,50,Neutral,3/23/2019,
1848,56,Greed,3/22/2019,
1849,62,Greed,3/21/2019,
1850,55,Greed,3/20/2019,
1851,56,Greed,3/19/2019,
1852,56,Greed,3/18/2019,
1853,58,Greed,3/17/2019,
1854,54,Neutral,3/16/2019,
1855,55,Greed,3/15/2019,
1856,55,Greed,3/14/2019,
1857,54,Neutral,3/13/2019,
1858,56,Greed,3/12/2019,
1859,56,Greed,3/11/2019,
1860,55,Greed,3/10/2019,
1861,55,Greed,3/9/2019,
1862,54,Neutral,3/8/2019,
1863,56,Greed,3/7/2019,
1864,42,Fear,3/6/2019,
1865,35,Fear,3/5/2019,
1866,36,Fear,3/4/2019,
1867,44,Fear,3/3/2019,
1868,41,Fear,3/2/2019,
1869,42,Fear,3/1/2019,
1870,39,Fear,2/28/2019,
1871,39,Fear,2/27/2019,
1872,40,Fear,2/26/2019,
1873,47,Neutral,2/25/2019,
1874,69,Greed,2/24/2019,
1875,63,Greed,2/23/2019,
1876,61,Greed,2/22/2019,
1877,59,Greed,2/21/2019,
1878,59,Greed,2/20/2019,
1879,65,Greed,2/19/2019,
1880,63,Greed,2/18/2019,
1881,38,Fear,2/17/2019,
1882,43,Fear,2/16/2019,
1883,43,Fear,2/15/2019,
1884,48,Neutral,2/14/2019,
1885,48,Neutral,2/13/2019,
1886,38,Fear,2/12/2019,
1887,46,Fear,2/11/2019,
1888,40,Fear,2/10/2019,
1889,42,Fear,2/9/2019,
1890,37,Fear,2/8/2019,
1891,18,Extreme Fear,2/7/2019,
1892,14,Extreme Fear,2/6/2019,
1893,21,Extreme Fear,2/5/2019,
1894,27,Fear,2/4/2019,
1895,19,Extreme Fear,2/3/2019,
1896,22,Extreme Fear,2/2/2019,
1897,23,Extreme Fear,2/1/2019,
1898,17,Extreme Fear,1/31/2019,
1899,22,Extreme Fear,1/30/2019,
1900,21,Extreme Fear,1/29/2019,
1901,35,Fear,1/28/2019,
1902,39,Fear,1/27/2019,
1903,41,Fear,1/26/2019,
1904,35,Fear,1/25/2019,
1905,37,Fear,1/24/2019,
1906,33,Fear,1/23/2019,
1907,27,Fear,1/22/2019,
1908,30,Fear,1/21/2019,
1909,35,Fear,1/20/2019,
1910,31,Fear,1/19/2019,
1911,29,Fear,1/18/2019,
1912,28,Fear,1/17/2019,
1913,24,Extreme Fear,1/16/2019,
1914,27,Fear,1/15/2019,
1915,16,Extreme Fear,1/14/2019,
1916,21,Extreme Fear,1/13/2019,
1917,22,Extreme Fear,1/12/2019,
1918,19,Extreme Fear,1/11/2019,
1919,37,Fear,1/10/2019,
1920,42,Fear,1/9/2019,
1921,39,Fear,1/8/2019,
1922,39,Fear,1/7/2019,
1923,31,Fear,1/6/2019,
1924,36,Fear,1/5/2019,
1925,48,Neutral,1/4/2019,
1926,33,Fear,1/3/2019,
1927,30,Fear,1/2/2019,
1928,24,Extreme Fear,1/1/2019,
1929,26,Fear,12/31/2018,
1930,23,Extreme Fear,12/30/2018,
1931,24,Extreme Fear,12/29/2018,
1932,21,Extreme Fear,12/28/2018,
1933,29,Fear,12/27/2018,
1934,26,Fear,12/26/2018,
1935,33,Fear,12/25/2018,
1936,25,Extreme Fear,12/24/2018,
1937,31,Fear,12/23/2018,
1938,28,Fear,12/22/2018,
1939,35,Fear,12/21/2018,
1940,27,Fear,12/20/2018,
1941,21,Extreme Fear,12/19/2018,
1942,23,Extreme Fear,12/18/2018,
1943,17,Extreme Fear,12/17/2018,
1944,13,Extreme Fear,12/16/2018,
1945,11,Extreme Fear,12/15/2018,
1946,10,Extreme Fear,12/14/2018,
1947,14,Extreme Fear,12/13/2018,
1948,14,Extreme Fear,12/12/2018,
1949,15,Extreme Fear,12/11/2018,
1950,19,Extreme Fear,12/10/2018,
1951,14,Extreme Fear,12/9/2018,
1952,11,Extreme Fear,12/8/2018,
1953,11,Extreme Fear,12/7/2018,
1954,13,Extreme Fear,12/6/2018,
1955,19,Extreme Fear,12/5/2018,
1956,12,Extreme Fear,12/4/2018,
1957,17,Extreme Fear,12/3/2018,
1958,15,Extreme Fear,12/2/2018,
1959,13,Extreme Fear,12/1/2018,
1960,19,Extreme Fear,11/30/2018,
1961,18,Extreme Fear,11/29/2018,
1962,14,Extreme Fear,11/28/2018,
1963,11,Extreme Fear,11/27/2018,
1964,17,Extreme Fear,11/26/2018,
1965,9,Extreme Fear,11/25/2018,
1966,15,Extreme Fear,11/24/2018,
1967,12,Extreme Fear,11/23/2018,
1968,14,Extreme Fear,11/22/2018,
1969,15,Extreme Fear,11/21/2018,
1970,21,Extreme Fear,11/20/2018,
1971,28,Fear,11/19/2018,
1972,26,Fear,11/18/2018,
1973,24,Extreme Fear,11/17/2018,
1974,23,Extreme Fear,11/16/2018,
1975,28,Fear,11/15/2018,
1976,49,Neutral,11/14/2018,
1977,56,Greed,11/13/2018,
1978,52,Neutral,11/12/2018,
1979,54,Neutral,11/11/2018,
1980,52,Neutral,11/10/2018,
1981,47,Neutral,11/9/2018,
1982,51,Neutral,11/8/2018,
1983,48,Neutral,11/7/2018,
1984,42,Fear,11/6/2018,
1985,42,Fear,11/5/2018,
1986,41,Fear,11/4/2018,
1987,36,Fear,11/3/2018,
1988,36,Fear,11/2/2018,
1989,29,Fear,11/1/2018,
1990,32,Fear,10/31/2018,
1991,31,Fear,10/30/2018,
1992,34,Fear,10/29/2018,
1993,35,Fear,10/28/2018,
1994,33,Fear,10/27/2018,
1995,29,Fear,10/26/2018,
1996,25,Extreme Fear,10/25/2018,
1997,23,Extreme Fear,10/24/2018,
1998,24,Extreme Fear,10/23/2018,
1999,27,Fear,10/22/2018,
2000,21,Extreme Fear,10/21/2018,
2001,21,Extreme Fear,10/20/2018,
2002,24,Extreme Fear,10/19/2018,
2003,26,Fear,10/18/2018,
2004,23,Extreme Fear,10/17/2018,
2005,24,Extreme Fear,10/16/2018,
2006,20,Extreme Fear,10/15/2018,
2007,18,Extreme Fear,10/14/2018,
2008,15,Extreme Fear,10/13/2018,
2009,13,Extreme Fear,10/12/2018,
2010,19,Extreme Fear,10/11/2018,
2011,28,Fear,10/10/2018,
2012,31,Fear,10/9/2018,
2013,26,Fear,10/8/2018,
2014,29,Fear,10/7/2018,
2015,34,Fear,10/6/2018,
2016,37,Fear,10/5/2018,
2017,29,Fear,10/4/2018,
2018,36,Fear,10/3/2018,
2019,33,Fear,10/2/2018,
2020,35,Fear,10/1/2018,
2021,34,Fear,9/30/2018,
2022,37,Fear,9/29/2018,
2023,42,Fear,9/28/2018,
2024,42,Fear,9/27/2018,
2025,37,Fear,9/26/2018,
2026,37,Fear,9/25/2018,
2027,43,Fear,9/24/2018,
2028,38,Fear,9/23/2018,
2029,35,Fear,9/22/2018,
2030,31,Fear,9/21/2018,
2031,24,Extreme Fear,9/20/2018,
2032,24,Extreme Fear,9/19/2018,
2033,21,Extreme Fear,9/18/2018,
2034,25,Extreme Fear,9/17/2018,
2035,28,Fear,9/16/2018,
2036,24,Extreme Fear,9/15/2018,
2037,23,Extreme Fear,9/14/2018,
2038,20,Extreme Fear,9/13/2018,
2039,14,Extreme Fear,9/12/2018,
2040,18,Extreme Fear,9/11/2018,
2041,15,Extreme Fear,9/10/2018,
2042,13,Extreme Fear,9/9/2018,
2043,18,Extreme Fear,9/8/2018,
2044,17,Extreme Fear,9/7/2018,
2045,14,Extreme Fear,9/6/2018,
2046,17,Extreme Fear,9/5/2018,
2047,26,Fear,9/4/2018,
2048,19,Extreme Fear,9/3/2018,
2049,18,Extreme Fear,9/2/2018,
2050,21,Extreme Fear,9/1/2018,
2051,17,Extreme Fear,8/31/2018,
2052,22,Extreme Fear,8/30/2018,
2053,19,Extreme Fear,8/29/2018,
2054,19,Extreme Fear,8/28/2018,
2055,18,Extreme Fear,8/27/2018,
2056,19,Extreme Fear,8/26/2018,
2057,22,Extreme Fear,8/25/2018,
2058,19,Extreme Fear,8/24/2018,
2059,18,Extreme Fear,8/23/2018,
2060,21,Extreme Fear,8/22/2018,
2061,19,Extreme Fear,8/21/2018,
2062,26,Fear,8/20/2018,
2063,27,Fear,8/19/2018,
2064,24,Extreme Fear,8/18/2018,
2065,19,Extreme Fear,8/17/2018,
2066,21,Extreme Fear,8/16/2018,
2067,18,Extreme Fear,8/15/2018,
2068,16,Extreme Fear,8/14/2018,
2069,21,Extreme Fear,8/13/2018,
2070,18,Extreme Fear,8/12/2018,
2071,18,Extreme Fear,8/11/2018,
2072,21,Extreme Fear,8/10/2018,
2073,19,Extreme Fear,8/9/2018,
2074,23,Extreme Fear,8/8/2018,
2075,25,Extreme Fear,8/7/2018,
2076,25,Extreme Fear,8/6/2018,
2077,23,Extreme Fear,8/5/2018,
2078,31,Fear,8/4/2018,
2079,36,Fear,8/3/2018,
2080,39,Fear,8/2/2018,
2081,39,Fear,8/1/2018,
2082,48,Neutral,7/31/2018,
2083,53,Neutral,7/30/2018,
2084,54,Neutral,7/29/2018,
2085,54,Neutral,7/28/2018,
2086,47,Neutral,7/27/2018,
2087,53,Neutral,7/26/2018,
2088,54,Neutral,7/25/2018,
2089,49,Neutral,7/24/2018,
2090,44,Fear,7/23/2018,
2091,46,Fear,7/22/2018,
2092,43,Fear,7/21/2018,
2093,47,Neutral,7/20/2018,
2094,44,Fear,7/19/2018,
2095,42,Fear,7/18/2018,
2096,39,Fear,7/17/2018,
2097,36,Fear,7/16/2018,
2098,32,Fear,7/15/2018,
2099,29,Fear,7/14/2018,
2100,29,Fear,7/13/2018,
2101,33,Fear,7/12/2018,
2102,29,Fear,7/11/2018,
2103,37,Fear,7/10/2018,
2104,39,Fear,7/9/2018,
2105,38,Fear,7/8/2018,
2106,34,Fear,7/7/2018,
2107,34,Fear,7/6/2018,
2108,37,Fear,7/5/2018,
2109,33,Fear,7/4/2018,
2110,31,Fear,7/3/2018,
2111,27,Fear,7/2/2018,
2112,27,Fear,7/1/2018,
2113,22,Extreme Fear,6/30/2018,
2114,16,Extreme Fear,6/29/2018,
2115,20,Extreme Fear,6/28/2018,
2116,18,Extreme Fear,6/27/2018,
2117,21,Extreme Fear,6/26/2018,
2118,16,Extreme Fear,6/25/2018,
2119,15,Extreme Fear,6/24/2018,
2120,17,Extreme Fear,6/23/2018,
2121,28,Fear,6/22/2018,
2122,37,Fear,6/21/2018,
2123,34,Fear,6/20/2018,
2124,32,Fear,6/19/2018,
2125,27,Fear,6/18/2018,
2126,23,Extreme Fear,6/17/2018,
2127,22,Extreme Fear,6/16/2018,
2128,26,Fear,6/15/2018,
2129,17,Extreme Fear,6/14/2018,
2130,19,Extreme Fear,6/13/2018,
2131,19,Extreme Fear,6/12/2018,
2132,15,Extreme Fear,6/11/2018,
2133,24,Extreme Fear,6/10/2018,
2134,39,Fear,6/9/2018,
2135,40,Fear,6/8/2018,
2136,38,Fear,6/7/2018,
2137,42,Fear,6/6/2018,
2138,26,Fear,6/5/2018,
2139,41,Fear,6/4/2018,
2140,40,Fear,6/3/2018,
2141,27,Fear,6/2/2018,
2142,24,Extreme Fear,6/1/2018,
2143,25,Extreme Fear,5/31/2018,
2144,38,Fear,5/30/2018,
2145,16,Extreme Fear,5/29/2018,
2146,22,Extreme Fear,5/28/2018,
2147,19,Extreme Fear,5/27/2018,
2148,23,Extreme Fear,5/26/2018,
2149,25,Extreme Fear,5/25/2018,
2150,27,Fear,5/24/2018,
2151,26,Fear,5/23/2018,
2152,30,Fear,5/22/2018,
2153,41,Fear,5/21/2018,
2154,32,Fear,5/20/2018,
2155,31,Fear,5/19/2018,
2156,37,Fear,5/18/2018,
2157,31,Fear,5/17/2018,
2158,32,Fear,5/16/2018,
2159,40,Fear,5/15/2018,
2160,40,Fear,5/14/2018,
2161,40,Fear,5/13/2018,
2162,44,Fear,5/12/2018,
2163,41,Fear,5/11/2018,
2164,63,Greed,5/10/2018,
2165,53,Neutral,5/9/2018,
2166,62,Greed,5/8/2018,
2167,56,Greed,5/7/2018,
2168,67,Greed,5/6/2018,
2169,63,Greed,5/5/2018,
2170,56,Greed,5/4/2018,
2171,55,Greed,5/3/2018,
2172,52,Neutral,5/2/2018,
2173,56,Greed,5/1/2018,
2174,59,Greed,4/30/2018,
2175,61,Greed,4/29/2018,
2176,54,Neutral,4/28/2018,
2177,55,Greed,4/27/2018,
2178,47,Neutral,4/26/2018,
2179,64,Greed,4/25/2018,
2180,29,Fear,4/24/2018,
2181,28,Fear,4/23/2018,
2182,31,Fear,4/22/2018,
2183,32,Fear,4/21/2018,
2184,26,Fear,4/20/2018,
2185,25,Extreme Fear,4/19/2018,
2186,24,Extreme Fear,4/18/2018,
2187,26,Fear,4/17/2018,
2188,23,Extreme Fear,4/13/2018,
2189,18,Extreme Fear,4/12/2018,
2190,20,Extreme Fear,4/11/2018,
2191,18,Extreme Fear,4/10/2018,
2192,21,Extreme Fear,4/9/2018,
2193,17,Extreme Fear,4/8/2018,
2194,20,Extreme Fear,4/7/2018,
2195,19,Extreme Fear,4/6/2018,
2196,17,Extreme Fear,4/5/2018,
2197,22,Extreme Fear,4/4/2018,
2198,22,Extreme Fear,4/3/2018,
2199,11,Extreme Fear,4/2/2018,
2200,16,Extreme Fear,4/1/2018,
2201,16,Extreme Fear,3/31/2018,
2202,12,Extreme Fear,3/30/2018,
2203,18,Extreme Fear,3/29/2018,
2204,24,Extreme Fear,3/28/2018,
2205,24,Extreme Fear,3/27/2018,
2206,31,Fear,3/26/2018,
2207,30,Fear,3/25/2018,
2208,32,Fear,3/24/2018,
2209,28,Fear,3/23/2018,
2210,36,Fear,3/22/2018,
2211,36,Fear,3/21/2018,
2212,37,Fear,3/20/2018,
2213,29,Fear,3/19/2018,
2214,29,Fear,3/18/2018,
2215,31,Fear,3/17/2018,
2216,33,Fear,3/16/2018,
2217,32,Fear,3/15/2018,
2218,40,Fear,3/14/2018,
2219,41,Fear,3/13/2018,
2220,41,Fear,3/12/2018,
2221,40,Fear,3/11/2018,
2222,39,Fear,3/10/2018,
2223,37,Fear,3/9/2018,
2224,39,Fear,3/8/2018,
2225,37,Fear,3/7/2018,
2226,59,Greed,3/6/2018,
2227,55,Greed,3/5/2018,
2228,44,Fear,3/4/2018,
2229,56,Greed,3/3/2018,
2230,47,Neutral,3/2/2018,
2231,38,Fear,3/1/2018,
2232,41,Fear,2/28/2018,
2233,44,Fear,2/27/2018,
2234,37,Fear,2/26/2018,
2235,33,Fear,2/25/2018,
2236,31,Fear,2/24/2018,
2237,39,Fear,2/23/2018,
2238,44,Fear,2/22/2018,
2239,54,Neutral,2/21/2018,
2240,74,Greed,2/20/2018,
2241,67,Greed,2/19/2018,
2242,63,Greed,2/18/2018,
2243,74,Greed,2/17/2018,
2244,67,Greed,2/16/2018,
2245,71,Greed,2/15/2018,
2246,55,Greed,2/14/2018,
2247,35,Fear,2/13/2018,
2248,42,Fear,2/12/2018,
2249,31,Fear,2/11/2018,
2250,54,Neutral,2/10/2018,
2251,44,Fear,2/9/2018,
2252,30,Fear,2/8/2018,
2253,36,Fear,2/7/2018,
2254,8,Extreme Fear,2/6/2018,
2255,11,Extreme Fear,2/5/2018,
2256,24,Extreme Fear,2/4/2018,
2257,40,Fear,2/3/2018,
2258,15,Extreme Fear,2/2/2018,
2259,30,Fear,2/1/2018,
