"Date","Price","Open","High","Low","Vol.","Change %"
"03/22/2024","2.5421","2.5152","2.5841","2.4513","45.54M","0.96%"
"03/21/2024","2.5180","2.7484","2.7685","2.4999","51.60M","-8.38%"
"03/20/2024","2.7484","2.3829","2.8431","2.3552","94.08M","15.34%"
"03/19/2024","2.3829","2.4873","2.5984","2.1663","104.49M","-4.20%"
"03/18/2024","2.4873","2.8096","2.8806","2.4573","91.27M","-11.47%"
"03/17/2024","2.8095","2.4286","3.0168","2.3546","97.05M","15.69%"
"03/16/2024","2.4286","2.6816","2.6873","2.2837","64.89M","-9.43%"
"03/15/2024","2.6816","2.8521","2.8683","2.3596","96.18M","-5.92%"
"03/14/2024","2.8503","2.6553","2.9961","2.5426","85.78M","7.34%"
"03/13/2024","2.6553","2.6735","2.8518","2.5906","49.39M","-0.68%"
"03/12/2024","2.6735","2.7005","2.8134","2.5410","59.68M","-1.00%"
"03/11/2024","2.7005","2.7686","2.9529","2.6536","59.46M","-2.46%"
"03/10/2024","2.7686","3.0798","3.1218","2.6709","59.43M","-10.10%"
"03/09/2024","3.0798","2.7458","3.1076","2.6969","84.91M","12.16%"
"03/08/2024","2.7458","2.5779","2.9487","2.4595","106.14M","6.42%"
"03/07/2024","2.5801","2.4209","2.8487","2.4093","140.09M","6.58%"
"03/06/2024","2.4209","1.7356","2.4660","1.6969","164.73M","39.48%"
"03/05/2024","1.7357","1.7251","1.9367","1.3584","114.98M","0.62%"
"03/04/2024","1.7251","1.7721","1.9133","1.6981","76.53M","-2.65%"
"03/03/2024","1.7721","1.8004","1.9436","1.6500","73.70M","-1.57%"
"03/02/2024","1.8004","1.7238","1.9382","1.5742","91.25M","4.45%"
"03/01/2024","1.7238","1.4658","1.8309","1.4658","123.82M","17.60%"
"02/29/2024","1.4657","1.3526","1.5148","1.2864","90.43M","8.37%"
"02/28/2024","1.3525","1.0755","1.3809","1.0681","130.95M","25.76%"
"02/27/2024","1.0755","1.1153","1.1216","1.0576","41.51M","-3.57%"
"02/26/2024","1.1153","1.1035","1.1492","1.0520","56.92M","1.07%"
"02/25/2024","1.1035","1.0786","1.1394","1.0743","51.55M","2.31%"
"02/24/2024","1.0786","1.0576","1.0958","0.9806","60.83M","1.98%"
"02/23/2024","1.0576","1.1066","1.2325","1.0347","101.24M","-4.43%"
"02/22/2024","1.1066","1.1441","1.2055","1.0340","113.05M","-3.28%"
"02/21/2024","1.1441","1.0554","1.1598","0.9447","102.74M","8.40%"
"02/20/2024","1.0554","0.9775","1.0953","0.8736","126.56M","7.97%"
"02/19/2024","0.9775","0.8234","0.9947","0.8234","99.04M","18.72%"
"02/18/2024","0.8234","0.7890","0.8741","0.7818","88.58M","4.37%"
"02/17/2024","0.7889","0.7073","0.7889","0.6875","68.99M","11.55%"
"02/16/2024","0.7073","0.6532","0.7314","0.6484","73.86M","8.28%"
"02/15/2024","0.6532","0.6808","0.6875","0.6430","30.24M","-4.06%"
"02/14/2024","0.6808","0.6671","0.6857","0.6526","27.17M","2.06%"
"02/13/2024","0.6671","0.6676","0.6851","0.6494","31.19M","-0.08%"
"02/12/2024","0.6676","0.6317","0.6723","0.6227","34.37M","5.66%"
"02/11/2024","0.6318","0.6276","0.6485","0.6222","26.40M","0.68%"
"02/10/2024","0.6276","0.6082","0.6341","0.6014","30.44M","3.18%"
"02/09/2024","0.6082","0.5587","0.6160","0.5567","44.78M","8.85%"
"02/08/2024","0.5587","0.5585","0.5643","0.5469","17.52M","0.12%"
"02/07/2024","0.5581","0.5288","0.5643","0.5256","20.44M","5.54%"
"02/06/2024","0.5288","0.5271","0.5419","0.5211","19.58M","0.30%"
"02/05/2024","0.5272","0.5239","0.5426","0.5095","23.65M","0.64%"
"02/04/2024","0.5239","0.5617","0.5622","0.5218","22.03M","-6.73%"
"02/03/2024","0.5617","0.5692","0.5741","0.5542","14.55M","-1.32%"
"02/02/2024","0.5692","0.5419","0.5789","0.5394","33.01M","5.05%"
"02/01/2024","0.5418","0.5663","0.5762","0.5391","32.01M","-4.32%"
"01/31/2024","0.5663","0.5999","0.6030","0.5634","30.14M","-5.61%"
"01/30/2024","0.5999","0.6282","0.6407","0.5950","26.99M","-4.43%"
"01/29/2024","0.6277","0.6021","0.6320","0.5927","20.07M","4.27%"
"01/28/2024","0.6020","0.6236","0.6328","0.5949","17.59M","-3.48%"
"01/27/2024","0.6237","0.6102","0.6245","0.6052","13.68M","2.22%"
"01/26/2024","0.6102","0.5794","0.6192","0.5738","19.46M","5.31%"
"01/25/2024","0.5794","0.5998","0.6022","0.5664","22.58M","-3.41%"
"01/24/2024","0.5999","0.5708","0.6016","0.5586","27.23M","5.10%"
"01/23/2024","0.5708","0.5594","0.5743","0.5288","36.02M","2.03%"
"01/22/2024","0.5594","0.5933","0.5981","0.5524","36.07M","-5.68%"
"01/21/2024","0.5931","0.6124","0.6191","0.5915","12.41M","-3.15%"
"01/20/2024","0.6124","0.6182","0.6192","0.5973","15.29M","-0.92%"
"01/19/2024","0.6181","0.6184","0.6344","0.5820","28.34M","-0.05%"
"01/18/2024","0.6184","0.6774","0.6791","0.6089","43.09M","-8.71%"
"01/17/2024","0.6774","0.6902","0.6986","0.6685","24.63M","-1.86%"
"01/16/2024","0.6902","0.6849","0.7065","0.6668","28.70M","0.80%"
"01/15/2024","0.6848","0.6517","0.6936","0.6512","27.16M","5.07%"
"01/14/2024","0.6517","0.6889","0.6929","0.6510","19.51M","-5.40%"
"01/13/2024","0.6889","0.6855","0.6997","0.6568","21.79M","0.50%"
"01/12/2024","0.6855","0.7251","0.7309","0.6618","46.67M","-5.59%"
"01/11/2024","0.7261","0.7158","0.7792","0.6972","70.29M","1.45%"
"01/10/2024","0.7157","0.6475","0.7359","0.6319","56.67M","10.56%"
"01/09/2024","0.6474","0.6818","0.6906","0.6267","51.81M","-5.05%"
"01/08/2024","0.6818","0.6216","0.6830","0.5669","58.42M","9.67%"
"01/07/2024","0.6217","0.6483","0.6613","0.6106","27.41M","-4.10%"
"01/06/2024","0.6483","0.6896","0.6896","0.6204","39.52M","-5.98%"
"01/05/2024","0.6895","0.7260","0.7450","0.6682","54.76M","-5.02%"
"01/04/2024","0.7260","0.6575","0.7296","0.6429","43.18M","10.41%"
"01/03/2024","0.6575","0.7330","0.7400","0.5659","78.96M","-10.30%"
"01/02/2024","0.7330","0.7325","0.7585","0.7020","45.25M","0.17%"
"01/01/2024","0.7318","0.6725","0.7358","0.6711","27.44M","8.80%"
"12/31/2023","0.6726","0.6893","0.7068","0.6678","26.02M","-2.43%"
"12/30/2023","0.6894","0.6872","0.7010","0.6681","22.40M","0.32%"
"12/29/2023","0.6872","0.6839","0.7214","0.6620","42.14M","0.49%"
"12/28/2023","0.6839","0.7377","0.7546","0.6745","48.04M","-7.29%"
"12/27/2023","0.7376","0.7678","0.7691","0.7146","45.08M","-3.93%"
"12/26/2023","0.7678","0.7391","0.7952","0.7114","92.25M","3.88%"
"12/25/2023","0.7391","0.7102","0.7494","0.7040","47.90M","4.07%"
"12/24/2023","0.7102","0.7349","0.7515","0.7000","47.69M","-3.36%"
"12/23/2023","0.7349","0.7211","0.7486","0.7007","43.11M","1.92%"
"12/22/2023","0.7211","0.7615","0.7792","0.7063","64.80M","-5.30%"
"12/21/2023","0.7615","0.7353","0.7636","0.6998","75.88M","3.56%"
"12/20/2023","0.7353","0.7076","0.7874","0.6914","107.03M","3.91%"
"12/19/2023","0.7076","0.7088","0.7437","0.6902","98.91M","-0.17%"
"12/18/2023","0.7088","0.6383","0.7088","0.5939","112.09M","11.05%"
"12/17/2023","0.6383","0.6466","0.6619","0.6192","49.18M","-1.28%"
"12/16/2023","0.6466","0.6692","0.6960","0.6369","76.23M","-3.38%"
"12/15/2023","0.6692","0.7052","0.7500","0.6672","112.65M","-4.91%"
"12/14/2023","0.7038","0.6270","0.7152","0.6240","122.16M","12.25%"
"12/13/2023","0.6270","0.6032","0.6571","0.5691","209.85M","3.95%"
"12/12/2023","0.6032","0.4916","0.6051","0.4908","152.72M","22.70%"
"12/11/2023","0.4916","0.5284","0.5346","0.4680","93.09M","-6.96%"
"12/10/2023","0.5284","0.5135","0.5299","0.5024","37.98M","2.90%"
"12/09/2023","0.5135","0.5378","0.5553","0.5067","58.73M","-4.59%"
"12/08/2023","0.5382","0.5267","0.5443","0.5200","47.30M","2.30%"
"12/07/2023","0.5261","0.5049","0.5360","0.4903","55.80M","4.20%"
"12/06/2023","0.5049","0.5326","0.5433","0.5018","53.13M","-5.15%"
"12/05/2023","0.5323","0.5430","0.5468","0.5157","66.55M","-1.82%"
"12/04/2023","0.5422","0.5577","0.5680","0.5080","114.77M","-2.79%"
"12/03/2023","0.5577","0.5583","0.5842","0.5501","61.10M","-0.11%"
"12/02/2023","0.5583","0.5544","0.5786","0.5409","58.35M","0.71%"
"12/01/2023","0.5544","0.5282","0.5640","0.5222","59.94M","4.92%"
"11/30/2023","0.5284","0.5225","0.5362","0.5159","34.81M","1.12%"
"11/29/2023","0.5225","0.5403","0.5586","0.5209","47.65M","-3.29%"
"11/28/2023","0.5403","0.5139","0.5454","0.4893","71.00M","5.13%"
"11/27/2023","0.5139","0.5346","0.5530","0.4992","78.93M","-3.87%"
"11/26/2023","0.5346","0.5325","0.5438","0.5098","44.55M","0.20%"
"11/25/2023","0.5335","0.5317","0.5401","0.5179","48.97M","0.34%"
"11/24/2023","0.5317","0.4962","0.5659","0.4941","100.53M","7.15%"
"11/23/2023","0.4962","0.5159","0.5219","0.4856","64.20M","-3.81%"
"11/22/2023","0.5159","0.4607","0.5483","0.4607","114.71M","11.97%"
"11/21/2023","0.4607","0.5199","0.5407","0.4607","160.89M","-11.38%"
"11/20/2023","0.5199","0.4995","0.5785","0.4990","183.52M","4.08%"
"11/19/2023","0.4995","0.4623","0.5168","0.4481","140.91M","8.04%"
"11/18/2023","0.4623","0.4423","0.4665","0.3961","105.14M","4.53%"
"11/17/2023","0.4423","0.4334","0.4782","0.4146","149.07M","2.05%"
"11/16/2023","0.4334","0.4458","0.4531","0.4131","124.55M","-2.78%"
"11/15/2023","0.4458","0.3840","0.4487","0.3789","90.71M","16.00%"
"11/14/2023","0.3843","0.3737","0.3967","0.3612","83.28M","2.82%"
"11/13/2023","0.3737","0.4296","0.4384","0.3737","76.24M","-12.86%"
"11/12/2023","0.4289","0.4260","0.4342","0.3949","78.10M","0.68%"
"11/11/2023","0.4260","0.4428","0.4525","0.4187","106.02M","-3.79%"
"11/10/2023","0.4428","0.3903","0.4428","0.3722","117.87M","13.44%"
"11/09/2023","0.3903","0.3714","0.4096","0.3404","124.19M","5.08%"
"11/08/2023","0.3714","0.3636","0.3806","0.3585","51.13M","2.15%"
"11/07/2023","0.3636","0.3904","0.3937","0.3483","91.61M","-6.86%"
"11/06/2023","0.3904","0.3648","0.4064","0.3572","93.90M","7.01%"
"11/05/2023","0.3648","0.3609","0.3738","0.3467","56.08M","1.09%"
"11/04/2023","0.3609","0.3563","0.3653","0.3507","41.84M","1.30%"
"11/03/2023","0.3563","0.3478","0.3676","0.3302","70.11M","2.44%"
"11/02/2023","0.3478","0.3852","0.3886","0.3415","71.14M","-9.70%"
"11/01/2023","0.3852","0.3635","0.3865","0.3392","92.35M","5.97%"
"10/31/2023","0.3635","0.3586","0.3783","0.3381","93.28M","1.36%"
"10/30/2023","0.3586","0.3657","0.3785","0.3565","75.63M","-1.94%"
"10/29/2023","0.3657","0.3518","0.3901","0.3478","116.83M","3.95%"
"10/28/2023","0.3518","0.3181","0.3643","0.3133","123.98M","10.59%"
"10/27/2023","0.3181","0.2963","0.3237","0.2862","118.73M","7.36%"
"10/26/2023","0.2963","0.3025","0.3106","0.2791","91.99M","-2.05%"
"10/25/2023","0.3025","0.2747","0.3184","0.2700","155.46M","10.12%"
"10/24/2023","0.2747","0.2516","0.2861","0.2467","169.81M","9.20%"
"10/23/2023","0.2516","0.2324","0.2516","0.2264","81.24M","8.25%"
"10/22/2023","0.2324","0.2271","0.2342","0.2215","47.41M","2.33%"
"10/21/2023","0.2271","0.2185","0.2333","0.2167","60.77M","3.94%"
"10/20/2023","0.2185","0.2038","0.2228","0.2034","71.45M","7.21%"
"10/19/2023","0.2038","0.2030","0.2065","0.1993","40.22M","0.37%"
"10/18/2023","0.2031","0.2060","0.2098","0.2024","23.02M","-1.42%"
"10/17/2023","0.2060","0.2139","0.2159","0.2036","29.35M","-3.70%"
"10/16/2023","0.2139","0.2119","0.2221","0.2108","36.54M","0.96%"
"10/15/2023","0.2119","0.2127","0.2149","0.2109","13.42M","-0.39%"
"10/14/2023","0.2127","0.2091","0.2169","0.2085","25.73M","1.74%"
"10/13/2023","0.2091","0.2026","0.2107","0.2021","19.98M","3.15%"
"10/12/2023","0.2027","0.2059","0.2065","0.1998","16.78M","-1.54%"
"10/11/2023","0.2059","0.2038","0.2066","0.2004","25.35M","1.02%"
"10/10/2023","0.2038","0.2076","0.2126","0.2012","23.10M","-1.82%"
"10/09/2023","0.2076","0.2187","0.2214","0.2035","34.09M","-5.11%"
"10/08/2023","0.2187","0.2207","0.2222","0.2168","13.81M","-0.88%"
"10/07/2023","0.2207","0.2253","0.2266","0.2199","13.36M","-1.94%"
"10/06/2023","0.2251","0.2154","0.2276","0.2154","23.72M","4.48%"
"10/05/2023","0.2154","0.2194","0.2212","0.2133","14.56M","-1.80%"
"10/04/2023","0.2194","0.2183","0.2229","0.2110","25.65M","0.50%"
"10/03/2023","0.2183","0.2221","0.2272","0.2161","31.05M","-1.71%"
"10/02/2023","0.2221","0.2347","0.2389","0.2210","39.02M","-5.38%"
"10/01/2023","0.2347","0.2227","0.2367","0.2225","37.23M","5.40%"
"09/30/2023","0.2227","0.2193","0.2237","0.2184","18.27M","1.55%"
"09/29/2023","0.2193","0.2182","0.2214","0.2153","22.81M","0.51%"
"09/28/2023","0.2182","0.2112","0.2195","0.2099","25.25M","3.33%"
"09/27/2023","0.2112","0.2139","0.2161","0.2096","22.10M","-1.36%"
"09/26/2023","0.2141","0.2162","0.2176","0.2113","16.71M","-0.99%"
"09/25/2023","0.2162","0.2153","0.2190","0.2129","19.21M","0.41%"
"09/24/2023","0.2153","0.2212","0.2216","0.2136","19.68M","-2.67%"
"09/23/2023","0.2212","0.2233","0.2249","0.2164","19.77M","-0.92%"
"09/22/2023","0.2233","0.2234","0.2238","0.2190","26.20M","-0.06%"
"09/21/2023","0.2234","0.2280","0.2372","0.2232","53.00M","-2.01%"
"09/20/2023","0.2280","0.2338","0.2363","0.2258","32.66M","-2.47%"
"09/19/2023","0.2338","0.2268","0.2356","0.2253","32.94M","3.07%"
"09/18/2023","0.2268","0.2256","0.2345","0.2233","36.58M","0.53%"
"09/17/2023","0.2256","0.2361","0.2363","0.2237","29.88M","-4.44%"
"09/16/2023","0.2361","0.2372","0.2410","0.2342","33.19M","-0.46%"
"09/15/2023","0.2372","0.2295","0.2378","0.2276","36.76M","3.35%"
"09/14/2023","0.2295","0.2236","0.2310","0.2232","37.31M","2.63%"
"09/13/2023","0.2236","0.2252","0.2299","0.2217","46.02M","-0.70%"
"09/12/2023","0.2252","0.2230","0.2367","0.2214","48.48M","0.98%"
"09/11/2023","0.2230","0.2310","0.2363","0.2180","56.46M","-3.46%"
"09/10/2023","0.2310","0.2351","0.2351","0.2213","48.84M","-1.75%"
"09/09/2023","0.2351","0.2386","0.2406","0.2336","26.80M","-1.46%"
"09/08/2023","0.2386","0.2491","0.2553","0.2371","56.99M","-4.23%"
"09/07/2023","0.2491","0.2567","0.2577","0.2408","42.71M","-2.95%"
"09/06/2023","0.2567","0.2501","0.2616","0.2458","81.52M","2.64%"
"09/05/2023","0.2501","0.2675","0.2713","0.2494","69.48M","-6.51%"
"09/04/2023","0.2675","0.2595","0.2694","0.2533","97.79M","3.09%"
"09/03/2023","0.2595","0.2517","0.2732","0.2475","153.98M","3.09%"
"09/02/2023","0.2517","0.2302","0.2535","0.2251","96.63M","9.34%"
"09/01/2023","0.2302","0.2294","0.2392","0.2228","83.57M","0.35%"
"08/31/2023","0.2294","0.2338","0.2543","0.2257","205.86M","-1.87%"
"08/30/2023","0.2338","0.2160","0.2348","0.2139","94.76M","8.24%"
"08/29/2023","0.2160","0.2069","0.2173","0.2021","51.20M","4.39%"
"08/28/2023","0.2069","0.2102","0.2120","0.2028","35.63M","-1.56%"
"08/27/2023","0.2102","0.2076","0.2144","0.2066","34.46M","1.24%"
"08/26/2023","0.2076","0.2177","0.2177","0.2060","31.45M","-4.64%"
"08/25/2023","0.2177","0.2091","0.2179","0.2001","78.59M","4.11%"
"08/24/2023","0.2091","0.2085","0.2167","0.2040","56.62M","0.29%"
"08/23/2023","0.2085","0.1962","0.2097","0.1953","44.44M","6.27%"
"08/22/2023","0.1962","0.2015","0.2044","0.1855","53.77M","-2.62%"
"08/21/2023","0.2015","0.2047","0.2084","0.1965","49.67M","-1.63%"
"08/20/2023","0.2048","0.2099","0.2127","0.2031","34.33M","-2.42%"
"08/19/2023","0.2099","0.1995","0.2197","0.1993","76.76M","5.23%"
"08/18/2023","0.1995","0.1881","0.2047","0.1827","95.53M","5.78%"
"08/17/2023","0.1886","0.1961","0.2012","0.1622","94.85M","-3.87%"
"08/16/2023","0.1961","0.2031","0.2054","0.1927","57.51M","-3.43%"
"08/15/2023","0.2031","0.2200","0.2220","0.1978","71.54M","-7.67%"
"08/14/2023","0.2200","0.2189","0.2339","0.2124","151.42M","0.49%"
"08/13/2023","0.2189","0.2005","0.2220","0.1996","70.81M","9.18%"
"08/12/2023","0.2005","0.2025","0.2034","0.1994","19.02M","-0.97%"
"08/11/2023","0.2025","0.2009","0.2041","0.1998","18.28M","0.71%"
"08/10/2023","0.2010","0.1990","0.2040","0.1963","33.29M","1.02%"
"08/09/2023","0.1990","0.2004","0.2035","0.1957","38.35M","-0.67%"
"08/08/2023","0.2004","0.1954","0.2017","0.1931","48.41M","2.52%"
"08/07/2023","0.1954","0.1971","0.2002","0.1908","41.27M","-0.83%"
"08/06/2023","0.1971","0.1943","0.2001","0.1938","34.41M","1.42%"
"08/05/2023","0.1943","0.1981","0.1982","0.1916","35.09M","-1.91%"
"08/04/2023","0.1981","0.2017","0.2036","0.1970","41.51M","-1.72%"
"08/03/2023","0.2016","0.2041","0.2061","0.2007","42.20M","-1.25%"
"08/02/2023","0.2041","0.2105","0.2147","0.2036","64.52M","-3.10%"
"08/01/2023","0.2106","0.2077","0.2108","0.2009","64.15M","1.47%"
"07/31/2023","0.2076","0.2099","0.2122","0.2064","36.63M","-1.09%"
"07/30/2023","0.2099","0.2147","0.2150","0.2037","36.26M","-2.27%"
"07/29/2023","0.2147","0.2158","0.2179","0.2139","30.05M","-0.50%"
"07/28/2023","0.2158","0.2146","0.2173","0.2126","33.72M","0.58%"
"07/27/2023","0.2146","0.2118","0.2180","0.2097","37.24M","1.32%"
"07/26/2023","0.2118","0.2099","0.2149","0.2047","39.52M","0.92%"
"07/25/2023","0.2099","0.2123","0.2136","0.2078","34.45M","-1.16%"
"07/24/2023","0.2123","0.2237","0.2263","0.2086","56.83M","-5.09%"
"07/23/2023","0.2237","0.2196","0.2257","0.2177","33.93M","1.77%"
"07/22/2023","0.2198","0.2250","0.2274","0.2174","35.18M","-2.32%"
"07/21/2023","0.2250","0.2226","0.2265","0.2203","33.78M","1.21%"
"07/20/2023","0.2223","0.2249","0.2316","0.2193","47.32M","-1.10%"
"07/19/2023","0.2248","0.2255","0.2307","0.2236","48.33M","-0.26%"
"07/18/2023","0.2254","0.2362","0.2389","0.2211","46.88M","-4.56%"
"07/17/2023","0.2362","0.2358","0.2462","0.2286","65.07M","0.17%"
"07/16/2023","0.2358","0.2412","0.2483","0.2342","60.61M","-2.30%"
"07/15/2023","0.2413","0.2373","0.2463","0.2309","59.32M","1.65%"
"07/14/2023","0.2374","0.2331","0.2552","0.2277","109.09M","1.83%"
"07/13/2023","0.2331","0.2195","0.2372","0.2157","102.96M","6.20%"
"07/12/2023","0.2195","0.2137","0.2213","0.2107","63.79M","2.71%"
"07/11/2023","0.2137","0.2152","0.2189","0.2115","37.55M","-0.66%"
"07/10/2023","0.2151","0.2170","0.2188","0.2087","48.73M","-0.88%"
"07/09/2023","0.2170","0.2193","0.2209","0.2161","31.56M","-0.99%"
"07/08/2023","0.2192","0.2233","0.2258","0.2151","38.65M","-1.80%"
"07/07/2023","0.2233","0.2132","0.2239","0.2115","49.16M","4.74%"
"07/06/2023","0.2131","0.2264","0.2362","0.2130","61.18M","-5.85%"
"07/05/2023","0.2264","0.2386","0.2428","0.2229","52.10M","-5.01%"
"07/04/2023","0.2384","0.2451","0.2493","0.2348","67.90M","-2.75%"
"07/03/2023","0.2451","0.2357","0.2491","0.2357","62.66M","4.00%"
"07/02/2023","0.2357","0.2366","0.2383","0.2273","58.39M","-0.33%"
"07/01/2023","0.2365","0.2272","0.2409","0.2224","78.80M","4.05%"
"06/30/2023","0.2272","0.2181","0.2313","0.2078","98.41M","4.19%"
"06/29/2023","0.2181","0.2140","0.2249","0.2140","43.81M","1.90%"
"06/28/2023","0.2140","0.2341","0.2342","0.2091","68.53M","-8.56%"
"06/27/2023","0.2341","0.2199","0.2374","0.2192","86.50M","6.46%"
"06/26/2023","0.2199","0.2276","0.2332","0.2159","63.72M","-3.35%"
"06/25/2023","0.2275","0.2298","0.2397","0.2254","49.28M","-1.00%"
"06/24/2023","0.2298","0.2381","0.2403","0.2225","57.16M","-3.47%"
"06/23/2023","0.2381","0.2287","0.2487","0.2287","89.17M","4.10%"
"06/22/2023","0.2287","0.2227","0.2534","0.2220","148.24M","2.70%"
"06/21/2023","0.2227","0.1996","0.2287","0.1988","113.58M","11.50%"
"06/20/2023","0.1997","0.1896","0.1997","0.1821","62.67M","5.36%"
"06/19/2023","0.1896","0.1831","0.1931","0.1814","58.23M","3.61%"
"06/18/2023","0.1830","0.1975","0.1976","0.1823","58.23M","-7.42%"
"06/17/2023","0.1976","0.1905","0.2003","0.1890","48.27M","3.75%"
"06/16/2023","0.1905","0.1822","0.1954","0.1804","70.79M","4.57%"
"06/15/2023","0.1821","0.1799","0.1883","0.1730","59.17M","1.32%"
"06/14/2023","0.1798","0.1895","0.1929","0.1767","55.06M","-5.18%"
"06/13/2023","0.1896","0.1851","0.1943","0.1830","76.58M","2.40%"
"06/12/2023","0.1852","0.1829","0.1896","0.1765","60.69M","1.15%"
"06/11/2023","0.1830","0.1880","0.1896","0.1792","61.16M","-2.62%"
"06/10/2023","0.1880","0.2191","0.2197","0.1745","111.39M","-14.19%"
"06/09/2023","0.2191","0.2276","0.2300","0.2159","44.19M","-3.78%"
"06/08/2023","0.2277","0.2287","0.2321","0.2221","42.08M","-0.44%"
"06/07/2023","0.2287","0.2457","0.2469","0.2258","63.81M","-6.93%"
"06/06/2023","0.2457","0.2413","0.2517","0.2333","53.88M","1.79%"
"06/05/2023","0.2413","0.2709","0.2719","0.2268","83.65M","-10.87%"
"06/04/2023","0.2708","0.2685","0.2795","0.2650","39.06M","0.84%"
"06/03/2023","0.2685","0.2731","0.2751","0.2658","35.88M","-1.68%"
"06/02/2023","0.2731","0.2626","0.2794","0.2579","67.14M","4.09%"
"06/01/2023","0.2624","0.2639","0.2692","0.2531","66.89M","-0.56%"
"05/31/2023","0.2639","0.2765","0.2894","0.2586","85.84M","-4.59%"
"05/30/2023","0.2765","0.2609","0.2840","0.2566","97.91M","5.97%"
"05/29/2023","0.2610","0.2681","0.2705","0.2563","56.69M","-2.67%"
"05/28/2023","0.2681","0.2552","0.2723","0.2533","95.67M","5.15%"
"05/27/2023","0.2550","0.2451","0.2632","0.2417","103.48M","4.03%"
"05/26/2023","0.2451","0.2371","0.2499","0.2315","92.04M","3.38%"
"05/25/2023","0.2371","0.2316","0.2464","0.2234","110.78M","2.41%"
"05/24/2023","0.2315","0.2451","0.2453","0.2224","74.73M","-5.52%"
"05/23/2023","0.2451","0.2394","0.2485","0.2369","56.38M","2.37%"
"05/22/2023","0.2394","0.2430","0.2450","0.2345","58.52M","-1.47%"
"05/21/2023","0.2430","0.2587","0.2588","0.2416","66.99M","-6.08%"
"05/20/2023","0.2587","0.2650","0.2666","0.2544","82.56M","-2.37%"
"05/19/2023","0.2650","0.2469","0.2839","0.2421","187.57M","7.37%"
"05/18/2023","0.2468","0.2569","0.2583","0.2417","51.58M","-3.84%"
"05/17/2023","0.2567","0.2446","0.2602","0.2366","58.55M","4.93%"
"05/16/2023","0.2446","0.2465","0.2489","0.2392","49.36M","-0.78%"
"05/15/2023","0.2465","0.2414","0.2531","0.2351","55.39M","2.15%"
"05/14/2023","0.2413","0.2380","0.2474","0.2328","36.56M","1.43%"
"05/13/2023","0.2379","0.2453","0.2460","0.2368","39.71M","-3.01%"
"05/12/2023","0.2453","0.2414","0.2462","0.2290","65.04M","1.64%"
"05/11/2023","0.2414","0.2626","0.2628","0.2333","63.86M","-8.08%"
"05/10/2023","0.2626","0.2632","0.2729","0.2476","85.92M","-0.32%"
"05/09/2023","0.2634","0.2597","0.2648","0.2475","62.88M","1.43%"
"05/08/2023","0.2597","0.2896","0.2927","0.2448","77.16M","-10.32%"
"05/07/2023","0.2896","0.2879","0.2982","0.2869","37.88M","0.58%"
"05/06/2023","0.2879","0.3104","0.3136","0.2780","65.18M","-7.24%"
"05/05/2023","0.3104","0.3100","0.3135","0.2997","42.76M","0.05%"
"05/04/2023","0.3102","0.3250","0.3258","0.3071","35.80M","-4.56%"
"05/03/2023","0.3250","0.3188","0.3285","0.2990","62.79M","1.94%"
"05/02/2023","0.3189","0.3183","0.3209","0.3115","34.49M","0.16%"
"05/01/2023","0.3183","0.3278","0.3303","0.3134","46.78M","-2.83%"
"04/30/2023","0.3276","0.3410","0.3410","0.3272","39.28M","-3.91%"
"04/29/2023","0.3410","0.3329","0.3447","0.3316","38.37M","2.41%"
"04/28/2023","0.3329","0.3440","0.3473","0.3302","43.69M","-3.21%"
"04/27/2023","0.3440","0.3341","0.3476","0.3303","65.88M","2.95%"
"04/26/2023","0.3341","0.3449","0.3631","0.3143","99.25M","-3.11%"
"04/25/2023","0.3448","0.3318","0.3474","0.3190","52.11M","3.92%"
"04/24/2023","0.3318","0.3354","0.3444","0.3259","45.10M","-1.04%"
"04/23/2023","0.3353","0.3481","0.3481","0.3246","45.77M","-3.65%"
"04/22/2023","0.3481","0.3333","0.3481","0.3298","38.49M","4.28%"
"04/21/2023","0.3338","0.3640","0.3668","0.3301","76.92M","-8.31%"
"04/20/2023","0.3640","0.3731","0.3809","0.3516","86.42M","-2.43%"
"04/19/2023","0.3731","0.4245","0.4279","0.3652","105.75M","-12.03%"
"04/18/2023","0.4241","0.4270","0.4433","0.4130","101.44M","-0.67%"
"04/17/2023","0.4270","0.4051","0.4478","0.3921","164.42M","5.38%"
"04/16/2023","0.4052","0.4071","0.4120","0.3952","82.34M","-0.50%"
"04/15/2023","0.4072","0.4050","0.4248","0.3919","142.96M","0.55%"
"04/14/2023","0.4050","0.3611","0.4136","0.3604","202.40M","12.13%"
"04/13/2023","0.3612","0.3416","0.3642","0.3379","75.36M","5.72%"
"04/12/2023","0.3416","0.3523","0.3538","0.3334","65.76M","-3.03%"
"04/11/2023","0.3523","0.3555","0.3640","0.3506","68.51M","-0.91%"
"04/10/2023","0.3555","0.3440","0.3575","0.3366","60.89M","3.34%"
"04/09/2023","0.3440","0.3395","0.3515","0.3271","43.76M","1.34%"
"04/08/2023","0.3395","0.3450","0.3484","0.3361","31.51M","-1.63%"
"04/07/2023","0.3451","0.3525","0.3535","0.3420","36.72M","-2.11%"
"04/06/2023","0.3525","0.3639","0.3644","0.3489","38.43M","-3.13%"
"04/05/2023","0.3639","0.3608","0.3752","0.3530","58.23M","0.86%"
"04/04/2023","0.3608","0.3513","0.3626","0.3453","54.40M","2.69%"
"04/03/2023","0.3513","0.3493","0.3602","0.3374","56.11M","0.61%"
"04/02/2023","0.3492","0.3632","0.3642","0.3434","31.70M","-3.90%"
"04/01/2023","0.3634","0.3666","0.3763","0.3595","33.16M","-0.89%"
"03/31/2023","0.3666","0.3652","0.3706","0.3555","43.89M","0.39%"
"03/30/2023","0.3652","0.3849","0.3899","0.3557","59.11M","-5.13%"
"03/29/2023","0.3850","0.3558","0.3901","0.3542","104.78M","8.18%"
"03/28/2023","0.3558","0.3460","0.3591","0.3336","56.57M","2.80%"
"03/27/2023","0.3461","0.3727","0.3742","0.3338","50.78M","-7.11%"
"03/26/2023","0.3726","0.3640","0.3782","0.3611","34.08M","2.38%"
"03/25/2023","0.3640","0.3678","0.3778","0.3580","34.60M","-1.04%"
"03/24/2023","0.3678","0.3869","0.3882","0.3596","49.34M","-4.93%"
"03/23/2023","0.3868","0.3794","0.3925","0.3736","62.70M","2.01%"
"03/22/2023","0.3792","0.3956","0.4032","0.3603","89.68M","-4.30%"
"03/21/2023","0.3963","0.3922","0.4147","0.3800","57.89M","1.04%"
"03/20/2023","0.3922","0.4197","0.4222","0.3844","87.13M","-6.41%"
"03/19/2023","0.4190","0.4170","0.4347","0.4123","71.91M","0.50%"
"03/18/2023","0.4170","0.4506","0.4608","0.4133","106.08M","-7.47%"
"03/17/2023","0.4507","0.4215","0.4507","0.4103","117.20M","6.92%"
"03/16/2023","0.4215","0.4093","0.4373","0.3969","127.56M","2.98%"
"03/15/2023","0.4093","0.4507","0.4800","0.3799","218.19M","-9.17%"
"03/14/2023","0.4506","0.3887","0.4820","0.3745","223.71M","16.04%"
"03/13/2023","0.3883","0.3796","0.3978","0.3541","144.81M","1.79%"
"03/12/2023","0.3815","0.3153","0.3854","0.3086","91.99M","21.01%"
"03/11/2023","0.3153","0.3339","0.3408","0.3028","77.12M","-5.59%"
"03/10/2023","0.3339","0.3198","0.3375","0.2963","128.89M","4.29%"
"03/09/2023","0.3202","0.3470","0.3720","0.3148","116.31M","-7.72%"
"03/08/2023","0.3470","0.4005","0.4050","0.3402","80.70M","-13.36%"
"03/07/2023","0.4005","0.4200","0.4265","0.3868","74.83M","-4.71%"
"03/06/2023","0.4203","0.4316","0.4316","0.4120","54.06M","-2.61%"
"03/05/2023","0.4316","0.4297","0.4447","0.4244","67.88M","0.64%"
"03/04/2023","0.4288","0.4401","0.4443","0.4093","90.06M","-2.55%"
"03/03/2023","0.4401","0.4682","0.4697","0.4021","123.77M","-6.17%"
"03/02/2023","0.4690","0.4844","0.4871","0.4495","100.38M","-3.16%"
"03/01/2023","0.4843","0.4393","0.4929","0.4393","158.29M","10.25%"
"02/28/2023","0.4393","0.4345","0.4905","0.4325","195.32M","1.11%"
"02/27/2023","0.4345","0.4336","0.4501","0.4215","69.73M","0.00%"
"02/26/2023","0.4344","0.4270","0.4366","0.4174","57.63M","1.71%"
"02/25/2023","0.4271","0.4762","0.4806","0.4054","121.41M","-10.31%"
"02/24/2023","0.4762","0.4364","0.4796","0.4327","175.47M","9.14%"
"02/23/2023","0.4363","0.4383","0.4707","0.4267","101.35M","-0.43%"
"02/22/2023","0.4382","0.4345","0.4416","0.4044","113.40M","0.87%"
"02/21/2023","0.4345","0.4172","0.4994","0.4163","268.35M","4.09%"
"02/20/2023","0.4174","0.4151","0.4300","0.4093","54.19M","0.54%"
"02/19/2023","0.4151","0.4323","0.4425","0.4105","51.31M","-3.97%"
"02/18/2023","0.4323","0.4430","0.4548","0.4299","45.65M","-2.42%"
"02/17/2023","0.4430","0.4134","0.4478","0.4121","74.88M","7.15%"
"02/16/2023","0.4135","0.4737","0.4830","0.4120","128.20M","-12.71%"
"02/15/2023","0.4736","0.4528","0.4790","0.4149","141.87M","4.61%"
"02/14/2023","0.4528","0.3854","0.4613","0.3781","174.16M","17.47%"
"02/13/2023","0.3854","0.3978","0.4081","0.3663","84.16M","-3.10%"
"02/12/2023","0.3978","0.4170","0.4243","0.3946","68.45M","-4.60%"
"02/11/2023","0.4170","0.4218","0.4283","0.3991","77.90M","-1.16%"
"02/10/2023","0.4218","0.3889","0.4501","0.3797","224.04M","8.46%"
"02/09/2023","0.3889","0.4769","0.4961","0.3679","232.40M","-18.45%"
"02/08/2023","0.4769","0.5410","0.6009","0.4457","307.14M","-11.85%"
"02/07/2023","0.5410","0.4329","0.5752","0.4329","330.02M","24.97%"
"02/06/2023","0.4329","0.4503","0.4721","0.4067","240.43M","-3.86%"
"02/05/2023","0.4503","0.3313","0.4574","0.3271","340.77M","35.90%"
"02/04/2023","0.3313","0.3300","0.3497","0.3147","145.86M","0.41%"
"02/03/2023","0.3300","0.2742","0.3369","0.2679","186.97M","20.15%"
"02/02/2023","0.2746","0.2886","0.2988","0.2723","93.40M","-4.83%"
"02/01/2023","0.2886","0.2754","0.2995","0.2580","90.55M","4.76%"
"01/31/2023","0.2755","0.2659","0.2825","0.2590","66.89M","3.59%"
"01/30/2023","0.2659","0.2890","0.2890","0.2592","54.08M","-7.98%"
"01/29/2023","0.2890","0.2941","0.2966","0.2835","50.20M","-1.74%"
"01/28/2023","0.2941","0.2807","0.3111","0.2800","105.08M","4.78%"
"01/27/2023","0.2807","0.2636","0.2973","0.2565","97.95M","6.49%"
"01/26/2023","0.2636","0.2701","0.2798","0.2602","52.63M","-2.42%"
"01/25/2023","0.2701","0.2660","0.2794","0.2528","69.46M","1.77%"
"01/24/2023","0.2654","0.2849","0.2934","0.2585","69.34M","-6.84%"
"01/23/2023","0.2849","0.2654","0.3055","0.2641","159.50M","7.33%"
"01/22/2023","0.2654","0.2686","0.2836","0.2570","84.27M","-1.18%"
"01/21/2023","0.2686","0.2830","0.3068","0.2675","127.14M","-5.10%"
"01/20/2023","0.2830","0.2720","0.2940","0.2590","107.59M","3.98%"
"01/19/2023","0.2722","0.2496","0.2744","0.2444","108.62M","9.07%"
"01/18/2023","0.2496","0.2796","0.2975","0.2379","212.17M","-10.74%"
"01/17/2023","0.2796","0.2297","0.2827","0.2248","239.68M","21.69%"
"01/16/2023","0.2297","0.2276","0.2488","0.2181","91.09M","0.92%"
"01/15/2023","0.2276","0.2384","0.2475","0.2121","112.74M","-4.39%"
"01/14/2023","0.2381","0.2396","0.2651","0.2250","169.96M","-0.61%"
"01/13/2023","0.2396","0.2024","0.2536","0.2018","245.39M","18.33%"
"01/12/2023","0.2024","0.1806","0.2174","0.1790","192.45M","12.14%"
"01/11/2023","0.1805","0.1891","0.2058","0.1734","213.03M","-4.55%"
"01/10/2023","0.1891","0.1530","0.1967","0.1463","238.93M","23.66%"
"01/09/2023","0.1530","0.1399","0.1716","0.1389","165.24M","9.31%"
"01/08/2023","0.1399","0.1577","0.1687","0.1388","190.99M","-11.25%"
"01/07/2023","0.1577","0.1242","0.1683","0.1238","210.99M","26.98%"
"01/06/2023","0.1242","0.1068","0.1338","0.1065","166.95M","16.21%"
"01/05/2023","0.1068","0.1127","0.1134","0.1059","57.74M","-5.24%"
"01/04/2023","0.1127","0.1025","0.1169","0.1014","110.93M","9.95%"
"01/03/2023","0.1025","0.0965","0.1039","0.0962","80.53M","6.31%"
"01/02/2023","0.0965","0.0914","0.1008","0.0903","60.57M","5.55%"
"01/01/2023","0.0914","0.0916","0.0945","0.0901","28.35M","-0.18%"
"12/31/2022","0.0916","0.0936","0.0955","0.0911","26.34M","-2.10%"
"12/30/2022","0.0935","0.0925","0.0952","0.0892","39.49M","1.18%"
"12/29/2022","0.0924","0.0959","0.0989","0.0901","44.48M","-3.58%"
"12/28/2022","0.0959","0.0980","0.1042","0.0935","68.92M","-2.12%"
"12/27/2022","0.0979","0.0990","0.1019","0.0958","61.57M","-1.02%"
"12/26/2022","0.0989","0.0951","0.1054","0.0938","87.73M","4.04%"
"12/25/2022","0.0951","0.0931","0.0983","0.0916","54.19M","2.09%"
"12/24/2022","0.0932","0.0902","0.0952","0.0894","37.79M","3.29%"
"12/23/2022","0.0902","0.0945","0.0963","0.0896","45.49M","-4.58%"
"12/22/2022","0.0945","0.0933","0.1005","0.0882","100.31M","1.33%"
"12/21/2022","0.0933","0.0855","0.0962","0.0812","103.17M","9.08%"
"12/20/2022","0.0855","0.0843","0.0908","0.0842","39.45M","1.38%"
"12/19/2022","0.0843","0.0877","0.0910","0.0832","54.81M","-3.89%"
"12/18/2022","0.0878","0.0895","0.0928","0.0859","54.95M","-1.94%"
"12/17/2022","0.0895","0.0907","0.0939","0.0858","56.68M","-1.38%"
"12/16/2022","0.0907","0.1017","0.1066","0.0898","100.34M","-10.79%"
"12/15/2022","0.1017","0.0997","0.1049","0.0953","84.99M","2.04%"
"12/14/2022","0.0997","0.0910","0.1129","0.0903","160.07M","9.89%"
"12/13/2022","0.0907","0.0952","0.0986","0.0887","75.96M","-4.83%"
"12/12/2022","0.0953","0.1039","0.1088","0.0939","98.35M","-8.24%"
"12/11/2022","0.1039","0.0930","0.1128","0.0924","161.53M","11.72%"
"12/10/2022","0.0930","0.1202","0.1278","0.0928","200.30M","-22.62%"
"12/09/2022","0.1202","0.0888","0.1303","0.0888","533.55M","35.36%"
"12/08/2022","0.0888","0.0830","0.0989","0.0739","302.03M","6.99%"
"12/07/2022","0.0830","0.0700","0.0838","0.0658","159.36M","18.55%"
"12/06/2022","0.0700","0.0685","0.0794","0.0675","133.07M","2.15%"
"12/05/2022","0.0685","0.0635","0.0736","0.0633","196.72M","7.85%"
"12/04/2022","0.0635","0.0636","0.0650","0.0628","38.94M","0.00%"
"12/03/2022","0.0636","0.0642","0.0665","0.0625","34.92M","-1.19%"
"12/02/2022","0.0643","0.0641","0.0657","0.0626","39.10M","0.68%"
"12/01/2022","0.0639","0.0641","0.0684","0.0626","37.22M","-0.66%"
"11/30/2022","0.0643","0.0623","0.0663","0.0619","48.15M","3.37%"
"11/29/2022","0.0622","0.0613","0.0639","0.0609","50.73M","1.24%"
"11/28/2022","0.0615","0.0627","0.0654","0.0595","52.26M","-1.94%"
"11/27/2022","0.0627","0.0615","0.0657","0.0611","61.42M","1.89%"
"11/26/2022","0.0615","0.0621","0.0644","0.0610","48.80M","-0.91%"
"11/25/2022","0.0621","0.0634","0.0651","0.0599","60.60M","-2.14%"
"11/24/2022","0.0634","0.0641","0.0696","0.0607","95.57M","-0.97%"
"11/23/2022","0.0641","0.0574","0.0747","0.0568","176.47M","11.66%"
"11/22/2022","0.0574","0.0552","0.0588","0.0542","29.95M","3.83%"
"11/21/2022","0.0552","0.0583","0.0592","0.0550","47.88M","-5.27%"
"11/20/2022","0.0583","0.0603","0.0639","0.0575","45.58M","-3.31%"
"11/19/2022","0.0603","0.0616","0.0669","0.0601","29.04M","1.18%"
"11/18/2022","0.0596","0.0605","0.0649","0.0594","37.30M","-3.61%"
"11/17/2022","0.0618","0.0610","0.0633","0.0603","32.72M","2.43%"
"11/16/2022","0.0604","0.0631","0.0664","0.0595","33.11M","-4.12%"
"11/15/2022","0.0630","0.0633","0.0670","0.0616","36.03M","-0.29%"
"11/14/2022","0.0632","0.0601","0.0656","0.0569","43.39M","5.09%"
"11/13/2022","0.0601","0.0616","0.0670","0.0588","40.55M","-2.49%"
"11/12/2022","0.0616","0.0649","0.0673","0.0613","32.76M","-4.97%"
"11/11/2022","0.0649","0.0688","0.0697","0.0620","44.35M","-5.76%"
"11/10/2022","0.0688","0.0600","0.0705","0.0589","52.05M","14.66%"
"11/09/2022","0.0600","0.0771","0.0774","0.0578","64.19M","-22.10%"
"11/08/2022","0.0771","0.0879","0.0891","0.0717","52.08M","-12.37%"
"11/07/2022","0.0879","0.0886","0.0914","0.0860","32.20M","-0.81%"
"11/06/2022","0.0886","0.0887","0.1002","0.0879","57.85M","-0.06%"
"11/05/2022","0.0887","0.0904","0.0940","0.0883","33.25M","-1.88%"
"11/04/2022","0.0904","0.0871","0.0925","0.0864","51.65M","3.86%"
"11/03/2022","0.0870","0.0807","0.0904","0.0800","62.50M","7.85%"
"11/02/2022","0.0807","0.0826","0.0833","0.0791","38.31M","-2.30%"
"11/01/2022","0.0826","0.0850","0.0856","0.0818","31.82M","-2.81%"
"10/31/2022","0.0850","0.0840","0.0865","0.0834","38.02M","1.15%"
"10/30/2022","0.0840","0.0841","0.0865","0.0831","34.58M","-0.06%"
"10/29/2022","0.0841","0.0821","0.0876","0.0820","39.82M","2.34%"
"10/28/2022","0.0822","0.0810","0.0834","0.0804","29.03M","1.43%"
"10/27/2022","0.0810","0.0817","0.0839","0.0808","26.23M","-0.82%"
"10/26/2022","0.0817","0.0817","0.0836","0.0813","32.11M","0.00%"
"10/25/2022","0.0817","0.0803","0.0826","0.0794","34.45M","1.77%"
"10/24/2022","0.0803","0.0814","0.0817","0.0796","31.93M","-1.39%"
"10/23/2022","0.0814","0.0813","0.0828","0.0800","29.73M","0.19%"
"10/22/2022","0.0812","0.0804","0.0828","0.0803","32.99M","1.04%"
"10/21/2022","0.0804","0.0808","0.0821","0.0776","34.30M","-0.45%"
"10/20/2022","0.0808","0.0821","0.0835","0.0793","28.94M","-1.60%"
"10/19/2022","0.0821","0.0851","0.0857","0.0817","31.37M","-3.56%"
"10/18/2022","0.0851","0.0871","0.0903","0.0843","44.19M","-2.42%"
"10/17/2022","0.0872","0.0855","0.0895","0.0830","53.11M","2.02%"
"10/16/2022","0.0855","0.0821","0.0938","0.0813","74.20M","4.16%"
"10/15/2022","0.0821","0.0810","0.0867","0.0808","39.25M","1.38%"
"10/14/2022","0.0810","0.0827","0.0875","0.0795","52.96M","-2.44%"
"10/13/2022","0.0830","0.0799","0.0861","0.0735","74.86M","3.91%"
"10/12/2022","0.0799","0.0801","0.0825","0.0793","41.13M","0.00%"
"10/11/2022","0.0799","0.0801","0.0834","0.0792","38.14M","-0.27%"
"10/10/2022","0.0801","0.0828","0.0842","0.0800","43.99M","-3.28%"
"10/09/2022","0.0828","0.0814","0.0836","0.0803","67.42M","1.87%"
"10/08/2022","0.0813","0.0801","0.0870","0.0797","64.14M","1.37%"
"10/07/2022","0.0802","0.0818","0.0823","0.0793","28.38M","-0.57%"
"10/06/2022","0.0807","0.0814","0.0828","0.0803","29.37M","-0.87%"
"10/05/2022","0.0814","0.0823","0.0842","0.0800","27.54M","-1.19%"
"10/04/2022","0.0823","0.0807","0.0840","0.0803","29.43M","1.98%"
"10/03/2022","0.0807","0.0788","0.0826","0.0782","34.40M","2.42%"
"10/02/2022","0.0788","0.0810","0.0838","0.0780","33.35M","-2.64%"
"10/01/2022","0.0810","0.0826","0.0856","0.0809","30.45M","-1.94%"
"09/30/2022","0.0826","0.0828","0.0839","0.0813","33.92M","-0.34%"
"09/29/2022","0.0829","0.0848","0.0857","0.0808","44.93M","-2.34%"
"09/28/2022","0.0848","0.0814","0.0900","0.0791","72.52M","4.16%"
"09/27/2022","0.0814","0.0814","0.1153","0.0799","36.59M","0.11%"
"09/26/2022","0.0814","0.0803","0.0886","0.0794","33.72M","1.37%"
"09/25/2022","0.0803","0.0823","0.0841","0.0801","34.22M","-2.52%"
"09/24/2022","0.0823","0.0853","0.0901","0.0822","36.99M","-3.42%"
"09/23/2022","0.0852","0.0827","0.2800","0.0819","38.03M","3.02%"
"09/22/2022","0.0827","0.0807","0.0856","0.0793","30.54M","3.99%"
"09/21/2022","0.0796","0.0825","0.0868","0.0780","49.50M","-3.56%"
"09/20/2022","0.0825","0.0826","0.0869","0.0810","33.19M","-0.10%"
"09/19/2022","0.0826","0.0809","0.0868","0.0798","39.39M","2.14%"
"09/18/2022","0.0809","0.0886","0.0888","0.0805","38.41M","-8.74%"
"09/17/2022","0.0886","0.0865","0.0899","0.0864","30.13M","2.43%"
"09/16/2022","0.0865","0.0917","0.0921","0.0856","59.60M","-5.66%"
"09/15/2022","0.0917","0.0914","0.0989","0.0871","72.40M","0.37%"
"09/14/2022","0.0914","0.0850","0.0977","0.0833","68.18M","7.43%"
"09/13/2022","0.0850","0.0906","0.0914","0.0832","38.98M","-5.36%"
"09/12/2022","0.0899","0.0945","0.0983","0.0884","44.93M","-4.72%"
"09/11/2022","0.0943","0.0980","0.1009","0.0912","34.41M","-4.34%"
"09/10/2022","0.0986","0.0937","0.1030","0.0919","51.16M","5.22%"
"09/09/2022","0.0937","0.0928","0.0965","0.0898","45.47M","0.74%"
"09/08/2022","0.0930","0.0972","0.0995","0.0893","77.97M","-4.29%"
"09/07/2022","0.0972","0.0770","0.1033","0.0758","275.34M","26.23%"
"09/06/2022","0.0770","0.0819","0.0840","0.0759","42.13M","-5.91%"
"09/05/2022","0.0818","0.0828","0.0834","0.0795","32.86M","-1.20%"
"09/04/2022","0.0828","0.0824","0.0830","0.0802","34.04M","0.54%"
"09/03/2022","0.0824","0.0807","0.0845","0.0799","32.70M","2.16%"
"09/02/2022","0.0806","0.0818","0.0854","0.0802","41.84M","-1.44%"
"09/01/2022","0.0818","0.0811","0.0822","0.0792","37.65M","0.87%"
"08/31/2022","0.0811","0.0801","0.0839","0.0801","35.64M","1.29%"
"08/30/2022","0.0801","0.0843","0.0854","0.0786","32.85M","-5.04%"
"08/29/2022","0.0843","0.0777","0.0846","0.0775","32.02M","8.49%"
"08/28/2022","0.0777","0.0850","0.0851","0.0775","38.11M","-8.53%"
"08/27/2022","0.0850","0.0856","0.0863","0.0834","33.37M","-0.74%"
"08/26/2022","0.0856","0.0911","0.0911","0.0842","38.93M","-6.07%"
"08/25/2022","0.0911","0.0907","0.0929","0.0899","30.53M","0.41%"
"08/24/2022","0.0908","0.0918","0.0935","0.0892","28.44M","-1.06%"
"08/23/2022","0.0917","0.0894","0.0960","0.0878","52.43M","2.55%"
"08/22/2022","0.0894","0.0888","0.0895","0.0847","40.20M","0.72%"
"08/21/2022","0.0888","0.0853","0.0951","0.0850","47.95M","4.19%"
"08/20/2022","0.0852","0.0842","0.0883","0.0823","41.26M","1.49%"
"08/19/2022","0.0840","0.0944","0.0944","0.0832","48.33M","-11.04%"
"08/18/2022","0.0944","0.1020","0.1027","0.0940","44.80M","-7.42%"
"08/17/2022","0.1020","0.1075","0.1128","0.0987","57.30M","-5.12%"
"08/16/2022","0.1075","0.1003","0.1177","0.1002","166.29M","7.14%"
"08/15/2022","0.1003","0.0994","0.1049","0.0954","48.52M","0.95%"
"08/14/2022","0.0994","0.1005","0.1050","0.0966","45.89M","-1.08%"
"08/13/2022","0.1005","0.1036","0.1053","0.1002","42.63M","-3.06%"
"08/12/2022","0.1036","0.0968","0.1042","0.0952","43.50M","7.10%"
"08/11/2022","0.0968","0.0997","0.1030","0.0963","47.01M","-2.94%"
"08/10/2022","0.0997","0.0957","0.0998","0.0923","51.83M","4.19%"
"08/09/2022","0.0957","0.1019","0.1028","0.0937","46.32M","-6.05%"
"08/08/2022","0.1019","0.1042","0.1052","0.1011","58.58M","-2.25%"
"08/07/2022","0.1042","0.1017","0.1051","0.1000","47.35M","2.44%"
"08/06/2022","0.1017","0.1008","0.1039","0.1000","38.75M","0.92%"
"08/05/2022","0.1008","0.0963","0.1013","0.0963","49.67M","4.66%"
"08/04/2022","0.0963","0.0956","0.1050","0.0928","95.20M","0.72%"
"08/03/2022","0.0956","0.0925","0.0979","0.0906","48.61M","3.32%"
"08/02/2022","0.0925","0.0947","0.0971","0.0912","54.77M","-2.24%"
"08/01/2022","0.0947","0.0957","0.1047","0.0905","71.81M","-1.05%"
"07/31/2022","0.0957","0.0872","0.1048","0.0870","108.32M","9.72%"
"07/30/2022","0.0872","0.0859","0.0941","0.0859","63.03M","1.47%"
"07/29/2022","0.0859","0.0870","0.0900","0.0837","63.45M","-1.21%"
"07/28/2022","0.0870","0.0811","0.0915","0.0798","61.98M","7.40%"
"07/27/2022","0.0810","0.0769","0.0816","0.0754","50.11M","5.46%"
"07/26/2022","0.0768","0.0772","0.0813","0.0747","35.79M","-0.59%"
"07/25/2022","0.0772","0.0862","0.0862","0.0772","37.87M","-10.38%"
"07/24/2022","0.0862","0.0839","0.0878","0.0826","35.12M","2.71%"
"07/23/2022","0.0839","0.0823","0.0861","0.0811","34.27M","2.00%"
"07/22/2022","0.0823","0.0853","0.0886","0.0818","41.02M","-3.58%"
"07/21/2022","0.0853","0.0835","0.0866","0.0802","46.53M","2.17%"
"07/20/2022","0.0835","0.0875","0.0932","0.0830","87.46M","-4.59%"
"07/19/2022","0.0875","0.0845","0.0908","0.0831","76.68M","3.51%"
"07/18/2022","0.0846","0.0794","0.0859","0.0794","55.05M","6.49%"
"07/17/2022","0.0794","0.0812","0.0840","0.0787","42.27M","-2.18%"
"07/16/2022","0.0812","0.0767","0.0824","0.0761","80.13M","5.82%"
"07/15/2022","0.0767","0.0768","0.0798","0.0752","54.65M","-0.13%"
"07/14/2022","0.0768","0.0742","0.0801","0.0737","68.53M","3.58%"
"07/13/2022","0.0742","0.0685","0.0743","0.0668","51.80M","8.22%"
"07/12/2022","0.0685","0.0719","0.0747","0.0682","50.78M","-4.74%"
"07/11/2022","0.0719","0.0770","0.0772","0.0717","40.55M","-6.55%"
"07/10/2022","0.0770","0.0817","0.0819","0.0765","52.49M","-5.84%"
"07/09/2022","0.0817","0.0789","0.0835","0.0788","41.81M","3.66%"
"07/08/2022","0.0789","0.0813","0.0832","0.0763","53.19M","-2.99%"
"07/07/2022","0.0813","0.0756","0.0826","0.0750","66.07M","7.36%"
"07/06/2022","0.0757","0.0761","0.0777","0.0731","52.15M","-0.46%"
"07/05/2022","0.0761","0.0770","0.0786","0.0718","44.17M","-1.21%"
"07/04/2022","0.0770","0.0741","0.0775","0.0724","37.00M","3.94%"
"07/03/2022","0.0741","0.0762","0.0769","0.0718","50.55M","-2.83%"
"07/02/2022","0.0762","0.0738","0.0806","0.0724","52.82M","3.21%"
"07/01/2022","0.0739","0.0745","0.0774","0.0728","43.23M","-0.70%"
"06/30/2022","0.0744","0.0767","0.0769","0.0688","50.64M","-2.99%"
"06/29/2022","0.0767","0.0761","0.0793","0.0733","56.46M","0.78%"
"06/28/2022","0.0761","0.0823","0.0842","0.0754","57.83M","-7.51%"
"06/27/2022","0.0823","0.0823","0.0864","0.0797","84.15M","0.00%"
"06/26/2022","0.0823","0.0887","0.0946","0.0820","73.51M","-7.22%"
"06/25/2022","0.0887","0.0903","0.0966","0.0866","91.66M","-1.83%"
"06/24/2022","0.0903","0.0819","0.0912","0.0819","85.93M","10.29%"
"06/23/2022","0.0819","0.0814","0.0840","0.0797","85.69M","0.65%"
"06/22/2022","0.0814","0.0817","0.0879","0.0790","68.58M","-0.40%"
"06/21/2022","0.0817","0.0801","0.0875","0.0800","68.88M","1.99%"
"06/20/2022","0.0801","0.0792","0.0827","0.0744","71.80M","1.21%"
"06/19/2022","0.0792","0.0750","0.0806","0.0707","52.86M","5.58%"
"06/18/2022","0.0750","0.0802","0.0897","0.0664","127.86M","-6.45%"
"06/17/2022","0.0802","0.0831","0.0848","0.0764","104.72M","-3.51%"
"06/16/2022","0.0831","0.1077","0.1091","0.0812","102.04M","-22.88%"
"06/15/2022","0.1077","0.1095","0.1096","0.0856","134.83M","-1.67%"
"06/14/2022","0.1095","0.1097","0.1146","0.1019","41.18M","-0.08%"
"06/13/2022","0.1096","0.1137","0.1178","0.1039","59.41M","-3.57%"
"06/12/2022","0.1137","0.1360","0.1376","0.1137","67.12M","-16.38%"
"06/11/2022","0.1360","0.1441","0.1500","0.1337","32.48M","-5.66%"
"06/10/2022","0.1441","0.1542","0.1673","0.1436","47.07M","-6.55%"
"06/09/2022","0.1542","0.1502","0.1658","0.1490","41.70M","2.65%"
"06/08/2022","0.1502","0.1526","0.1734","0.1491","47.56M","-1.51%"
"06/07/2022","0.1525","0.1489","0.1639","0.1391","62.22M","2.46%"
"06/06/2022","0.1489","0.1470","0.1572","0.1469","33.85M","1.28%"
"06/05/2022","0.1470","0.1528","0.1536","0.1444","33.46M","-3.82%"
"06/04/2022","0.1528","0.1533","0.1543","0.1493","26.83M","-0.27%"
"06/03/2022","0.1532","0.1635","0.1656","0.1513","36.47M","-6.27%"
"06/02/2022","0.1635","0.1526","0.1649","0.1500","32.96M","7.12%"
"06/01/2022","0.1526","0.1693","0.1738","0.1502","29.90M","-9.89%"
"05/31/2022","0.1694","0.1672","0.1736","0.1619","28.67M","1.28%"
"05/30/2022","0.1672","0.1591","0.1737","0.1582","28.03M","4.91%"
"05/29/2022","0.1594","0.1567","0.1690","0.1548","44.81M","1.73%"
"05/28/2022","0.1567","0.1395","0.1661","0.1384","55.99M","12.29%"
"05/27/2022","0.1395","0.1433","0.1514","0.1349","41.35M","-2.63%"
"05/26/2022","0.1433","0.1591","0.1622","0.1395","20.68M","-9.93%"
"05/25/2022","0.1591","0.1634","0.1657","0.1572","16.27M","-2.62%"
"05/24/2022","0.1634","0.1644","0.1683","0.1540","18.03M","-0.60%"
"05/23/2022","0.1644","0.1734","0.1801","0.1627","21.45M","-5.09%"
"05/22/2022","0.1732","0.1732","0.1757","0.1673","18.35M","0.00%"
"05/21/2022","0.1732","0.1683","0.1736","0.1657","11.96M","2.89%"
"05/20/2022","0.1683","0.1802","0.1827","0.1658","18.85M","-6.61%"
"05/19/2022","0.1802","0.1675","0.1832","0.1611","21.77M","7.65%"
"05/18/2022","0.1674","0.1897","0.1926","0.1672","19.57M","-11.69%"
"05/17/2022","0.1895","0.1839","0.1998","0.1781","27.92M","3.06%"
"05/16/2022","0.1839","0.1810","0.1871","0.1671","23.56M","1.61%"
"05/15/2022","0.1810","0.1723","0.1842","0.1689","20.28M","5.04%"
"05/14/2022","0.1723","0.1591","0.1801","0.1457","29.40M","8.28%"
"05/13/2022","0.1591","0.1417","0.1854","0.1395","26.17M","12.31%"
"05/12/2022","0.1417","0.1331","0.1836","0.1310","47.00M","6.50%"
"05/11/2022","0.1331","0.1979","0.2017","0.1210","44.17M","-32.78%"
"05/10/2022","0.1979","0.1950","0.2227","0.1883","32.40M","1.52%"
"05/09/2022","0.1950","0.2427","0.2469","0.1944","33.66M","-19.65%"
"05/08/2022","0.2426","0.2571","0.2599","0.2412","15.40M","-5.61%"
"05/07/2022","0.2571","0.2599","0.2698","0.2498","15.77M","-1.08%"
"05/06/2022","0.2599","0.2690","0.2701","0.2565","17.85M","-3.39%"
"05/05/2022","0.2690","0.2887","0.2964","0.2633","30.23M","-6.82%"
"05/04/2022","0.2887","0.2677","0.3042","0.2669","51.71M","7.83%"
"05/03/2022","0.2677","0.2632","0.2867","0.2595","21.46M","1.76%"
"05/02/2022","0.2631","0.2704","0.2780","0.2540","19.35M","-2.69%"
"05/01/2022","0.2704","0.2580","0.2738","0.2511","16.46M","4.82%"
"04/30/2022","0.2580","0.2847","0.2871","0.2580","13.33M","-9.45%"
"04/29/2022","0.2849","0.3083","0.3090","0.2780","13.07M","-7.61%"
"04/28/2022","0.3084","0.3129","0.3209","0.3032","14.85M","-1.43%"
"04/27/2022","0.3129","0.3034","0.3353","0.3015","18.11M","3.13%"
"04/26/2022","0.3034","0.3356","0.3445","0.2997","22.35M","-9.49%"
"04/25/2022","0.3352","0.3435","0.3553","0.3209","55.12M","-2.12%"
"04/24/2022","0.3425","0.3188","0.3584","0.3165","56.37M","7.46%"
"04/23/2022","0.3187","0.3216","0.3351","0.3153","15.09M","-0.85%"
"04/22/2022","0.3214","0.3234","0.3318","0.3164","11.57M","-0.59%"
"04/21/2022","0.3234","0.3364","0.3482","0.3169","17.26M","-3.86%"
"04/20/2022","0.3364","0.3483","0.3547","0.3311","15.26M","-3.39%"
"04/19/2022","0.3482","0.3432","0.3526","0.3375","12.19M","1.45%"
"04/18/2022","0.3432","0.3286","0.3497","0.3116","25.88M","4.43%"
"04/17/2022","0.3286","0.3353","0.3533","0.3276","24.64M","-1.99%"
"04/16/2022","0.3353","0.3340","0.3407","0.3285","13.04M","0.38%"
"04/15/2022","0.3340","0.3319","0.3401","0.3278","21.51M","0.65%"
"04/14/2022","0.3318","0.3512","0.3570","0.3273","37.81M","-5.52%"
"04/13/2022","0.3512","0.3458","0.3624","0.3369","16.52M","1.57%"
"04/12/2022","0.3458","0.3365","0.3721","0.3307","31.52M","2.77%"
"04/11/2022","0.3365","0.3747","0.3782","0.3338","30.03M","-10.21%"
"04/10/2022","0.3747","0.4010","0.4123","0.3741","18.45M","-6.57%"
"04/09/2022","0.4011","0.4013","0.4164","0.3911","14.96M","-0.24%"
"04/08/2022","0.4020","0.4491","0.4661","0.3983","28.23M","-10.47%"
"04/07/2022","0.4490","0.4473","0.4658","0.4345","19.21M","0.40%"
"04/06/2022","0.4473","0.5040","0.5091","0.4389","29.83M","-11.25%"
"04/05/2022","0.5040","0.4791","0.5397","0.4789","63.07M","5.18%"
"04/04/2022","0.4792","0.4707","0.4847","0.4475","21.61M","1.82%"
"04/03/2022","0.4706","0.4593","0.4769","0.4556","13.38M","2.33%"
"04/02/2022","0.4598","0.4770","0.4908","0.4598","21.33M","-3.59%"
"04/01/2022","0.4770","0.4559","0.4893","0.4293","38.12M","4.41%"
"03/31/2022","0.4568","0.4703","0.4832","0.4413","19.85M","-2.86%"
"03/30/2022","0.4703","0.4702","0.4793","0.4501","22.14M","0.02%"
"03/29/2022","0.4702","0.4300","0.4948","0.4300","31.64M","9.35%"
"03/28/2022","0.4300","0.4447","0.4638","0.4287","24.87M","-3.29%"
"03/27/2022","0.4446","0.4318","0.4478","0.4154","17.43M","2.97%"
"03/26/2022","0.4318","0.4052","0.4339","0.3982","18.49M","6.55%"
"03/25/2022","0.4052","0.4402","0.4452","0.4030","24.86M","-7.69%"
"03/24/2022","0.4390","0.3986","0.4533","0.3963","77.15M","10.13%"
"03/23/2022","0.3986","0.3754","0.4563","0.3586","90.60M","6.50%"
"03/22/2022","0.3743","0.3399","0.4222","0.3391","84.33M","10.10%"
"03/21/2022","0.3399","0.3274","0.3449","0.3220","18.88M","3.83%"
"03/20/2022","0.3274","0.3436","0.3461","0.3219","14.29M","-4.70%"
"03/19/2022","0.3436","0.3306","0.3473","0.3298","24.42M","3.92%"
"03/18/2022","0.3306","0.3294","0.3369","0.3195","8.43M","0.41%"
"03/17/2022","0.3293","0.3290","0.3397","0.3230","9.15M","0.00%"
"03/16/2022","0.3292","0.3265","0.3352","0.3152","10.09M","0.84%"
"03/15/2022","0.3265","0.3242","0.3341","0.3156","12.06M","0.72%"
"03/14/2022","0.3242","0.3155","0.3378","0.3119","9.68M","2.73%"
"03/13/2022","0.3155","0.3373","0.3451","0.3143","8.29M","-6.44%"
"03/12/2022","0.3373","0.3395","0.3554","0.3332","8.90M","-0.66%"
"03/11/2022","0.3395","0.3557","0.3684","0.3362","11.95M","-4.57%"
"03/10/2022","0.3557","0.3563","0.3599","0.3186","12.57M","-0.15%"
"03/09/2022","0.3563","0.3199","0.3724","0.3176","17.42M","11.38%"
"03/08/2022","0.3199","0.3242","0.3347","0.3159","10.48M","-1.33%"
"03/07/2022","0.3242","0.3154","0.3395","0.3058","22.70M","2.79%"
"03/06/2022","0.3154","0.3427","0.3735","0.3140","21.98M","-7.97%"
"03/05/2022","0.3427","0.3091","0.3568","0.3018","19.07M","10.87%"
"03/04/2022","0.3091","0.3212","0.3638","0.3079","28.71M","-3.75%"
"03/03/2022","0.3212","0.3404","0.3513","0.3136","27.00M","-5.64%"
"03/02/2022","0.3404","0.3643","0.4270","0.3334","144.36M","-6.57%"
"03/01/2022","0.3643","0.2835","0.4046","0.2809","93.08M","28.51%"
"02/28/2022","0.2835","0.2621","0.2837","0.2594","23.44M","8.17%"
"02/27/2022","0.2621","0.2755","0.2846","0.2508","29.50M","-4.89%"
"02/26/2022","0.2755","0.2782","0.2902","0.2726","22.21M","-0.96%"
"02/25/2022","0.2782","0.2610","0.2857","0.2569","27.88M","6.61%"
"02/24/2022","0.2610","0.2717","0.2745","0.2257","32.57M","-3.96%"
"02/23/2022","0.2717","0.2920","0.3022","0.2717","16.52M","-7.07%"
"02/22/2022","0.2924","0.2755","0.2965","0.2599","22.68M","6.12%"
"02/21/2022","0.2755","0.3062","0.3340","0.2747","27.37M","-10.01%"
"02/20/2022","0.3062","0.3341","0.3407","0.2961","21.39M","-8.38%"
"02/19/2022","0.3341","0.3280","0.3492","0.3177","24.63M","1.87%"
"02/18/2022","0.3280","0.3338","0.3475","0.3249","14.11M","-1.75%"
"02/17/2022","0.3338","0.3692","0.3771","0.3303","21.40M","-9.57%"
"02/16/2022","0.3692","0.3596","0.3865","0.3541","25.91M","2.65%"
"02/15/2022","0.3596","0.3441","0.3667","0.3420","15.53M","4.53%"
"02/14/2022","0.3441","0.3356","0.3505","0.3211","15.57M","2.55%"
"02/13/2022","0.3355","0.3458","0.3661","0.3355","17.52M","-2.99%"
"02/12/2022","0.3458","0.3633","0.3698","0.3424","22.98M","-4.72%"
"02/11/2022","0.3630","0.3951","0.4046","0.3505","27.98M","-8.14%"
"02/10/2022","0.3951","0.4183","0.4293","0.3790","31.74M","-5.49%"
"02/09/2022","0.4181","0.3868","0.4305","0.3783","21.09M","8.24%"
"02/08/2022","0.3863","0.3898","0.4228","0.3657","49.01M","-0.90%"
"02/07/2022","0.3898","0.3486","0.4197","0.3412","44.26M","11.81%"
"02/06/2022","0.3486","0.3434","0.3548","0.3375","16.11M","1.51%"
"02/05/2022","0.3434","0.3366","0.3541","0.3335","22.27M","2.03%"
"02/04/2022","0.3366","0.3141","0.3372","0.3094","17.83M","7.17%"
"02/03/2022","0.3141","0.3031","0.3145","0.2982","15.03M","3.64%"
"02/02/2022","0.3031","0.3254","0.3291","0.3000","16.07M","-6.86%"
"02/01/2022","0.3254","0.3206","0.3326","0.3178","15.83M","1.50%"
"01/31/2022","0.3206","0.3106","0.3322","0.2928","17.50M","3.22%"
"01/30/2022","0.3106","0.3160","0.3289","0.3035","16.03M","-1.71%"
"01/29/2022","0.3160","0.3150","0.3304","0.3133","17.67M","0.31%"
"01/28/2022","0.3150","0.3133","0.3202","0.2997","15.13M","0.76%"
"01/27/2022","0.3126","0.3161","0.3265","0.2980","15.88M","-1.11%"
"01/26/2022","0.3161","0.3239","0.3534","0.3077","21.80M","-2.41%"
"01/25/2022","0.3239","0.3269","0.3379","0.3130","19.27M","-0.80%"
"01/24/2022","0.3265","0.3551","0.3551","0.2847","39.82M","-8.05%"
"01/23/2022","0.3551","0.3351","0.3687","0.3260","23.51M","5.98%"
"01/22/2022","0.3351","0.3771","0.3913","0.3124","36.64M","-11.16%"
"01/21/2022","0.3772","0.4611","0.4744","0.3668","37.20M","-18.20%"
"01/20/2022","0.4611","0.4636","0.5418","0.4553","43.12M","-0.55%"
"01/19/2022","0.4636","0.4722","0.4862","0.4403","20.05M","-1.83%"
"01/18/2022","0.4723","0.4630","0.4751","0.4377","17.29M","1.99%"
"01/17/2022","0.4631","0.4834","0.4840","0.4513","15.75M","-4.20%"
"01/16/2022","0.4834","0.4970","0.5081","0.4797","15.17M","-2.75%"
"01/15/2022","0.4970","0.5053","0.5096","0.4837","14.70M","-1.63%"
"01/14/2022","0.5053","0.4854","0.5086","0.4684","17.56M","4.10%"
"01/13/2022","0.4854","0.5120","0.5437","0.4828","24.33M","-5.20%"
"01/12/2022","0.5120","0.4696","0.5178","0.4560","19.35M","9.03%"
"01/11/2022","0.4696","0.4507","0.4751","0.4349","18.27M","4.18%"
"01/10/2022","0.4508","0.4643","0.4763","0.4173","20.22M","-2.90%"
"01/09/2022","0.4643","0.4740","0.4884","0.4506","17.26M","-2.05%"
"01/08/2022","0.4740","0.4952","0.5278","0.4563","20.00M","-4.29%"
"01/07/2022","0.4952","0.5450","0.5470","0.4949","26.07M","-9.28%"
"01/06/2022","0.5458","0.5675","0.6277","0.5331","55.95M","-3.81%"
"01/05/2022","0.5675","0.5415","0.6462","0.5226","82.31M","4.79%"
"01/04/2022","0.5415","0.5354","0.5647","0.5205","21.02M","1.33%"
"01/03/2022","0.5345","0.5658","0.5695","0.5234","17.51M","-5.55%"
"01/02/2022","0.5658","0.5229","0.5691","0.5195","20.94M","8.22%"
"01/01/2022","0.5229","0.5019","0.5272","0.5009","26.58M","4.18%"